Pays,Situation familiale,Menage type,Pourcentage,Valeur,Moyenne OCDE,Titre,Mesure,Comparaison,Annee
Australie,Celibataire 67%,Celibataire,0.67,0.18697862,0.20309632,Charge fiscale nette en pourcentage du revenu brut de travail. par niveau de salaire,exprime en % du salaire moyen local,OCDE et Quebec,2020
Autriche,Celibataire 67%,Celibataire,0.67,0.26674101,0.20309632,Charge fiscale nette en pourcentage du revenu brut de travail. par niveau de salaire,exprime en % du salaire moyen local,OCDE et Quebec,2020
Belgique,Celibataire 67%,Celibataire,0.67,0.3007438,0.20309632,Charge fiscale nette en pourcentage du revenu brut de travail. par niveau de salaire,exprime en % du salaire moyen local,OCDE et Quebec,2020
Canada,Celibataire 67%,Celibataire,0.67,0.16737367,0.20309632,Charge fiscale nette en pourcentage du revenu brut de travail. par niveau de salaire,exprime en % du salaire moyen local,OCDE et Quebec,2020
Chili,Celibataire 67%,Celibataire,0.67,0.07,0.20309632,Charge fiscale nette en pourcentage du revenu brut de travail. par niveau de salaire,exprime en % du salaire moyen local,OCDE et Quebec,2020
Colombie,Celibataire 67%,Celibataire,0.67,0,0.20309632,Charge fiscale nette en pourcentage du revenu brut de travail. par niveau de salaire,exprime en % du salaire moyen local,OCDE et Quebec,2020
Republique tcheque,Celibataire 67%,Celibataire,0.67,0.21853445,0.20309632,Charge fiscale nette en pourcentage du revenu brut de travail. par niveau de salaire,exprime en % du salaire moyen local,OCDE et Quebec,2020
Danemark,Celibataire 67%,Celibataire,0.67,0.32427134,0.20309632,Charge fiscale nette en pourcentage du revenu brut de travail. par niveau de salaire,exprime en % du salaire moyen local,OCDE et Quebec,2020
Estonie,Celibataire 67%,Celibataire,0.67,0.10514394,0.20309632,Charge fiscale nette en pourcentage du revenu brut de travail. par niveau de salaire,exprime en % du salaire moyen local,OCDE et Quebec,2020
Finlande,Celibataire 67%,Celibataire,0.67,0.22334063,0.20309632,Charge fiscale nette en pourcentage du revenu brut de travail. par niveau de salaire,exprime en % du salaire moyen local,OCDE et Quebec,2020
France,Celibataire 67%,Celibataire,0.67,0.23290853,0.20309632,Charge fiscale nette en pourcentage du revenu brut de travail. par niveau de salaire,exprime en % du salaire moyen local,OCDE et Quebec,2020
Allemagne,Celibataire 67%,Celibataire,0.67,0.34005478,0.20309632,Charge fiscale nette en pourcentage du revenu brut de travail. par niveau de salaire,exprime en % du salaire moyen local,OCDE et Quebec,2020
Grece,Celibataire 67%,Celibataire,0.67,0.19429211,0.20309632,Charge fiscale nette en pourcentage du revenu brut de travail. par niveau de salaire,exprime en % du salaire moyen local,OCDE et Quebec,2020
Hongrie,Celibataire 67%,Celibataire,0.67,0.335,0.20309632,Charge fiscale nette en pourcentage du revenu brut de travail. par niveau de salaire,exprime en % du salaire moyen local,OCDE et Quebec,2020
Islande,Celibataire 67%,Celibataire,0.67,0.24208224,0.20309632,Charge fiscale nette en pourcentage du revenu brut de travail. par niveau de salaire,exprime en % du salaire moyen local,OCDE et Quebec,2020
Irlande,Celibataire 67%,Celibataire,0.67,0.15736544,0.20309632,Charge fiscale nette en pourcentage du revenu brut de travail. par niveau de salaire,exprime en % du salaire moyen local,OCDE et Quebec,2020
Israel,Celibataire 67%,Celibataire,0.67,0.11359889,0.20309632,Charge fiscale nette en pourcentage du revenu brut de travail. par niveau de salaire,exprime en % du salaire moyen local,OCDE et Quebec,2020
Italie,Celibataire 67%,Celibataire,0.67,0.21033942,0.20309632,Charge fiscale nette en pourcentage du revenu brut de travail. par niveau de salaire,exprime en % du salaire moyen local,OCDE et Quebec,2020
Japon,Celibataire 67%,Celibataire,0.67,0.20621875,0.20309632,Charge fiscale nette en pourcentage du revenu brut de travail. par niveau de salaire,exprime en % du salaire moyen local,OCDE et Quebec,2020
Coree,Celibataire 67%,Celibataire,0.67,0.11415615,0.20309632,Charge fiscale nette en pourcentage du revenu brut de travail. par niveau de salaire,exprime en % du salaire moyen local,OCDE et Quebec,2020
Lettonie,Celibataire 67%,Celibataire,0.67,0.23104666,0.20309632,Charge fiscale nette en pourcentage du revenu brut de travail. par niveau de salaire,exprime en % du salaire moyen local,OCDE et Quebec,2020
Lituanie,Celibataire 67%,Celibataire,0.67,0.32061644,0.20309632,Charge fiscale nette en pourcentage du revenu brut de travail. par niveau de salaire,exprime en % du salaire moyen local,OCDE et Quebec,2020
Luxembourg,Celibataire 67%,Celibataire,0.67,0.20251265,0.20309632,Charge fiscale nette en pourcentage du revenu brut de travail. par niveau de salaire,exprime en % du salaire moyen local,OCDE et Quebec,2020
Mexique,Celibataire 67%,Celibataire,0.67,0.04942797,0.20309632,Charge fiscale nette en pourcentage du revenu brut de travail. par niveau de salaire,exprime en % du salaire moyen local,OCDE et Quebec,2020
Pays-Bas,Celibataire 67%,Celibataire,0.67,0.20322734,0.20309632,Charge fiscale nette en pourcentage du revenu brut de travail. par niveau de salaire,exprime en % du salaire moyen local,OCDE et Quebec,2020
Nouvelle-Zelande,Celibataire 67%,Celibataire,0.67,0.14010045,0.20309632,Charge fiscale nette en pourcentage du revenu brut de travail. par niveau de salaire,exprime en % du salaire moyen local,OCDE et Quebec,2020
Norvege,Celibataire 67%,Celibataire,0.67,0.24038401,0.20309632,Charge fiscale nette en pourcentage du revenu brut de travail. par niveau de salaire,exprime en % du salaire moyen local,OCDE et Quebec,2020
Pologne,Celibataire 67%,Celibataire,0.67,0.23271425,0.20309632,Charge fiscale nette en pourcentage du revenu brut de travail. par niveau de salaire,exprime en % du salaire moyen local,OCDE et Quebec,2020
Portugal,Celibataire 67%,Celibataire,0.67,0.22134648,0.20309632,Charge fiscale nette en pourcentage du revenu brut de travail. par niveau de salaire,exprime en % du salaire moyen local,OCDE et Quebec,2020
Republique slovaque,Celibataire 67%,Celibataire,0.67,0.20370978,0.20309632,Charge fiscale nette en pourcentage du revenu brut de travail. par niveau de salaire,exprime en % du salaire moyen local,OCDE et Quebec,2020
Slovenie,Celibataire 67%,Celibataire,0.67,0.30471719,0.20309632,Charge fiscale nette en pourcentage du revenu brut de travail. par niveau de salaire,exprime en % du salaire moyen local,OCDE et Quebec,2020
Espagne,Celibataire 67%,Celibataire,0.67,0.1657338,0.20309632,Charge fiscale nette en pourcentage du revenu brut de travail. par niveau de salaire,exprime en % du salaire moyen local,OCDE et Quebec,2020
Suede,Celibataire 67%,Celibataire,0.67,0.21839127,0.20309632,Charge fiscale nette en pourcentage du revenu brut de travail. par niveau de salaire,exprime en % du salaire moyen local,OCDE et Quebec,2020
Suisse,Celibataire 67%,Celibataire,0.67,0.142577,0.20309632,Charge fiscale nette en pourcentage du revenu brut de travail. par niveau de salaire,exprime en % du salaire moyen local,OCDE et Quebec,2020
Turquie,Celibataire 67%,Celibataire,0.67,0.2527405,0.20309632,Charge fiscale nette en pourcentage du revenu brut de travail. par niveau de salaire,exprime en % du salaire moyen local,OCDE et Quebec,2020
Royaume-Uni,Celibataire 67%,Celibataire,0.67,0.1900505,0.20309632,Charge fiscale nette en pourcentage du revenu brut de travail. par niveau de salaire,exprime en % du salaire moyen local,OCDE et Quebec,2020
etats-Unis,Celibataire 67%,Celibataire,0.67,0.18612379,0.20309632,Charge fiscale nette en pourcentage du revenu brut de travail. par niveau de salaire,exprime en % du salaire moyen local,OCDE et Quebec,2020
Quebec,Celibataire 67%,Celibataire,0.67,0.156101509,0.20309632,Charge fiscale nette en pourcentage du revenu brut de travail. par niveau de salaire,exprime en % du salaire moyen local,OCDE et Quebec,2020
Terre-Neuve-et-Labrador,Celibataire 67%,Celibataire,0.67,0.172653691,0.20309632,Charge fiscale nette en pourcentage du revenu brut de travail. par niveau de salaire,exprime en % du salaire moyen local,OCDE et Quebec,2020
ele-du-Prince-edouard,Celibataire 67%,Celibataire,0.67,0.169895892,0.20309632,Charge fiscale nette en pourcentage du revenu brut de travail. par niveau de salaire,exprime en % du salaire moyen local,OCDE et Quebec,2020
Nouvelle-ecosse,Celibataire 67%,Celibataire,0.67,0.172153783,0.20309632,Charge fiscale nette en pourcentage du revenu brut de travail. par niveau de salaire,exprime en % du salaire moyen local,OCDE et Quebec,2020
Nouveau-Brunswick,Celibataire 67%,Celibataire,0.67,0.164095134,0.20309632,Charge fiscale nette en pourcentage du revenu brut de travail. par niveau de salaire,exprime en % du salaire moyen local,OCDE et Quebec,2020
Ontario,Celibataire 67%,Celibataire,0.67,0.164038065,0.20309632,Charge fiscale nette en pourcentage du revenu brut de travail. par niveau de salaire,exprime en % du salaire moyen local,OCDE et Quebec,2020
Manitoba,Celibataire 67%,Celibataire,0.67,0.176149563,0.20309632,Charge fiscale nette en pourcentage du revenu brut de travail. par niveau de salaire,exprime en % du salaire moyen local,OCDE et Quebec,2020
Saskatchewan,Celibataire 67%,Celibataire,0.67,0.159641326,0.20309632,Charge fiscale nette en pourcentage du revenu brut de travail. par niveau de salaire,exprime en % du salaire moyen local,OCDE et Quebec,2020
Alberta,Celibataire 67%,Celibataire,0.67,0.170793626,0.20309632,Charge fiscale nette en pourcentage du revenu brut de travail. par niveau de salaire,exprime en % du salaire moyen local,OCDE et Quebec,2020
Colombie-Britannique,Celibataire 67%,Celibataire,0.67,0.147197476,0.20309632,Charge fiscale nette en pourcentage du revenu brut de travail. par niveau de salaire,exprime en % du salaire moyen local,OCDE et Quebec,2020
Provinces sans Qc,Celibataire 67%,Celibataire,0.67,0.166290951,0.20309632,Charge fiscale nette en pourcentage du revenu brut de travail. par niveau de salaire,exprime en % du salaire moyen local,OCDE et Quebec,2020
Moyenne OCDE,Celibataire 67%,Celibataire,0.67,0.20309632,0.20309632,Charge fiscale nette en pourcentage du revenu brut de travail. par niveau de salaire,exprime en % du salaire moyen local,OCDE et Quebec,2020
,,,,,,,,,
Australie,Celibataire 100%,Celibataire,1,0.2407922,0.24823253,Charge fiscale nette en pourcentage du revenu brut de travail. par niveau de salaire,exprime en % du salaire moyen local,OCDE et Quebec,2020
Autriche,Celibataire 100%,Celibataire,1,0.32570147,0.24823253,Charge fiscale nette en pourcentage du revenu brut de travail. par niveau de salaire,exprime en % du salaire moyen local,OCDE et Quebec,2020
Belgique,Celibataire 100%,Celibataire,1,0.38413084,0.24823253,Charge fiscale nette en pourcentage du revenu brut de travail. par niveau de salaire,exprime en % du salaire moyen local,OCDE et Quebec,2020
Canada,Celibataire 100%,Celibataire,1,0.23157356,0.24823253,Charge fiscale nette en pourcentage du revenu brut de travail. par niveau de salaire,exprime en % du salaire moyen local,OCDE et Quebec,2020
Chili,Celibataire 100%,Celibataire,1,0.0703244,0.24823253,Charge fiscale nette en pourcentage du revenu brut de travail. par niveau de salaire,exprime en % du salaire moyen local,OCDE et Quebec,2020
Colombie,Celibataire 100%,Celibataire,1,0,0.24823253,Charge fiscale nette en pourcentage du revenu brut de travail. par niveau de salaire,exprime en % du salaire moyen local,OCDE et Quebec,2020
Republique tcheque,Celibataire 100%,Celibataire,1,0.24894908,0.24823253,Charge fiscale nette en pourcentage du revenu brut de travail. par niveau de salaire,exprime en % du salaire moyen local,OCDE et Quebec,2020
Danemark,Celibataire 100%,Celibataire,1,0.35229587,0.24823253,Charge fiscale nette en pourcentage du revenu brut de travail. par niveau de salaire,exprime en % du salaire moyen local,OCDE et Quebec,2020
Estonie,Celibataire 100%,Celibataire,1,0.15560881,0.24823253,Charge fiscale nette en pourcentage du revenu brut de travail. par niveau de salaire,exprime en % du salaire moyen local,OCDE et Quebec,2020
Finlande,Celibataire 100%,Celibataire,1,0.30160165,0.24823253,Charge fiscale nette en pourcentage du revenu brut de travail. par niveau de salaire,exprime en % du salaire moyen local,OCDE et Quebec,2020
France,Celibataire 100%,Celibataire,1,0.27285967,0.24823253,Charge fiscale nette en pourcentage du revenu brut de travail. par niveau de salaire,exprime en % du salaire moyen local,OCDE et Quebec,2020
Allemagne,Celibataire 100%,Celibataire,1,0.38909097,0.24823253,Charge fiscale nette en pourcentage du revenu brut de travail. par niveau de salaire,exprime en % du salaire moyen local,OCDE et Quebec,2020
Grece,Celibataire 100%,Celibataire,1,0.25433154,0.24823253,Charge fiscale nette en pourcentage du revenu brut de travail. par niveau de salaire,exprime en % du salaire moyen local,OCDE et Quebec,2020
Hongrie,Celibataire 100%,Celibataire,1,0.335,0.24823253,Charge fiscale nette en pourcentage du revenu brut de travail. par niveau de salaire,exprime en % du salaire moyen local,OCDE et Quebec,2020
Islande,Celibataire 100%,Celibataire,1,0.28001302,0.24823253,Charge fiscale nette en pourcentage du revenu brut de travail. par niveau de salaire,exprime en % du salaire moyen local,OCDE et Quebec,2020
Irlande,Celibataire 100%,Celibataire,1,0.24825873,0.24823253,Charge fiscale nette en pourcentage du revenu brut de travail. par niveau de salaire,exprime en % du salaire moyen local,OCDE et Quebec,2020
Israel,Celibataire 100%,Celibataire,1,0.18029505,0.24823253,Charge fiscale nette en pourcentage du revenu brut de travail. par niveau de salaire,exprime en % du salaire moyen local,OCDE et Quebec,2020
Italie,Celibataire 100%,Celibataire,1,0.29009151,0.24823253,Charge fiscale nette en pourcentage du revenu brut de travail. par niveau de salaire,exprime en % du salaire moyen local,OCDE et Quebec,2020
Japon,Celibataire 100%,Celibataire,1,0.22336617,0.24823253,Charge fiscale nette en pourcentage du revenu brut de travail. par niveau de salaire,exprime en % du salaire moyen local,OCDE et Quebec,2020
Coree,Celibataire 100%,Celibataire,1,0.14978082,0.24823253,Charge fiscale nette en pourcentage du revenu brut de travail. par niveau de salaire,exprime en % du salaire moyen local,OCDE et Quebec,2020
Lettonie,Celibataire 100%,Celibataire,1,0.27812698,0.24823253,Charge fiscale nette en pourcentage du revenu brut de travail. par niveau de salaire,exprime en % du salaire moyen local,OCDE et Quebec,2020
Lituanie,Celibataire 100%,Celibataire,1,0.35770302,0.24823253,Charge fiscale nette en pourcentage du revenu brut de travail. par niveau de salaire,exprime en % du salaire moyen local,OCDE et Quebec,2020
Luxembourg,Celibataire 100%,Celibataire,1,0.28947936,0.24823253,Charge fiscale nette en pourcentage du revenu brut de travail. par niveau de salaire,exprime en % du salaire moyen local,OCDE et Quebec,2020
Mexique,Celibataire 100%,Celibataire,1,0.10796305,0.24823253,Charge fiscale nette en pourcentage du revenu brut de travail. par niveau de salaire,exprime en % du salaire moyen local,OCDE et Quebec,2020
Pays-Bas,Celibataire 100%,Celibataire,1,0.28725793,0.24823253,Charge fiscale nette en pourcentage du revenu brut de travail. par niveau de salaire,exprime en % du salaire moyen local,OCDE et Quebec,2020
Nouvelle-Zelande,Celibataire 100%,Celibataire,1,0.19119252,0.24823253,Charge fiscale nette en pourcentage du revenu brut de travail. par niveau de salaire,exprime en % du salaire moyen local,OCDE et Quebec,2020
Norvege,Celibataire 100%,Celibataire,1,0.27457729,0.24823253,Charge fiscale nette en pourcentage du revenu brut de travail. par niveau de salaire,exprime en % du salaire moyen local,OCDE et Quebec,2020
Pologne,Celibataire 100%,Celibataire,1,0.24108391,0.24823253,Charge fiscale nette en pourcentage du revenu brut de travail. par niveau de salaire,exprime en % du salaire moyen local,OCDE et Quebec,2020
Portugal,Celibataire 100%,Celibataire,1,0.27360923,0.24823253,Charge fiscale nette en pourcentage du revenu brut de travail. par niveau de salaire,exprime en % du salaire moyen local,OCDE et Quebec,2020
Republique slovaque,Celibataire 100%,Celibataire,1,0.23500375,0.24823253,Charge fiscale nette en pourcentage du revenu brut de travail. par niveau de salaire,exprime en % du salaire moyen local,OCDE et Quebec,2020
Slovenie,Celibataire 100%,Celibataire,1,0.33736826,0.24823253,Charge fiscale nette en pourcentage du revenu brut de travail. par niveau de salaire,exprime en % du salaire moyen local,OCDE et Quebec,2020
Espagne,Celibataire 100%,Celibataire,1,0.21136445,0.24823253,Charge fiscale nette en pourcentage du revenu brut de travail. par niveau de salaire,exprime en % du salaire moyen local,OCDE et Quebec,2020
Suede,Celibataire 100%,Celibataire,1,0.2466041,0.24823253,Charge fiscale nette en pourcentage du revenu brut de travail. par niveau de salaire,exprime en % du salaire moyen local,OCDE et Quebec,2020
Suisse,Celibataire 100%,Celibataire,1,0.17094384,0.24823253,Charge fiscale nette en pourcentage du revenu brut de travail. par niveau de salaire,exprime en % du salaire moyen local,OCDE et Quebec,2020
Turquie,Celibataire 100%,Celibataire,1,0.29105516,0.24823253,Charge fiscale nette en pourcentage du revenu brut de travail. par niveau de salaire,exprime en % du salaire moyen local,OCDE et Quebec,2020
Royaume-Uni,Celibataire 100%,Celibataire,1,0.23293383,0.24823253,Charge fiscale nette en pourcentage du revenu brut de travail. par niveau de salaire,exprime en % du salaire moyen local,OCDE et Quebec,2020
etats-Unis,Celibataire 100%,Celibataire,1,0.22427165,0.24823253,Charge fiscale nette en pourcentage du revenu brut de travail. par niveau de salaire,exprime en % du salaire moyen local,OCDE et Quebec,2020
Quebec,Celibataire 100%,Celibataire,1,0.266928381,0.24823253,Charge fiscale nette en pourcentage du revenu brut de travail. par niveau de salaire,exprime en % du salaire moyen local,OCDE et Quebec,2021
Terre-Neuve-et-Labrador,Celibataire 100%,Celibataire,1,0.261307245,0.24823253,Charge fiscale nette en pourcentage du revenu brut de travail. par niveau de salaire,exprime en % du salaire moyen local,OCDE et Quebec,2020
ele-du-Prince-edouard,Celibataire 100%,Celibataire,1,0.236055805,0.24823253,Charge fiscale nette en pourcentage du revenu brut de travail. par niveau de salaire,exprime en % du salaire moyen local,OCDE et Quebec,2020
Nouvelle-ecosse,Celibataire 100%,Celibataire,1,0.247707194,0.24823253,Charge fiscale nette en pourcentage du revenu brut de travail. par niveau de salaire,exprime en % du salaire moyen local,OCDE et Quebec,2020
Nouveau-Brunswick,Celibataire 100%,Celibataire,1,0.241638174,0.24823253,Charge fiscale nette en pourcentage du revenu brut de travail. par niveau de salaire,exprime en % du salaire moyen local,OCDE et Quebec,2020
Ontario,Celibataire 100%,Celibataire,1,0.229642771,0.24823253,Charge fiscale nette en pourcentage du revenu brut de travail. par niveau de salaire,exprime en % du salaire moyen local,OCDE et Quebec,2020
Manitoba,Celibataire 100%,Celibataire,1,0.242025755,0.24823253,Charge fiscale nette en pourcentage du revenu brut de travail. par niveau de salaire,exprime en % du salaire moyen local,OCDE et Quebec,2020
Saskatchewan,Celibataire 100%,Celibataire,1,0.238645133,0.24823253,Charge fiscale nette en pourcentage du revenu brut de travail. par niveau de salaire,exprime en % du salaire moyen local,OCDE et Quebec,2020
Alberta,Celibataire 100%,Celibataire,1,0.233904648,0.24823253,Charge fiscale nette en pourcentage du revenu brut de travail. par niveau de salaire,exprime en % du salaire moyen local,OCDE et Quebec,2020
Colombie-Britannique,Celibataire 100%,Celibataire,1,0.218252422,0.24823253,Charge fiscale nette en pourcentage du revenu brut de travail. par niveau de salaire,exprime en % du salaire moyen local,OCDE et Quebec,2020
Provinces sans Qc,Celibataire 100%,Celibataire,1,0.238797683,0.24823253,Charge fiscale nette en pourcentage du revenu brut de travail. par niveau de salaire,exprime en % du salaire moyen local,OCDE et Quebec,2020
Moyenne OCDE,Celibataire 100%,Celibataire,1,0.24823253,0.24823253,Charge fiscale nette en pourcentage du revenu brut de travail. par niveau de salaire,exprime en % du salaire moyen local,OCDE et Quebec,2020
Australie,Celibataire 167%,Celibataire,1.67,0.30760132,0.30102363,Charge fiscale nette en pourcentage du revenu brut de travail. par niveau de salaire,exprime en % du salaire moyen local,OCDE et Quebec,2020
Autriche,Celibataire 167%,Celibataire,1.67,0.37980603,0.30102363,Charge fiscale nette en pourcentage du revenu brut de travail. par niveau de salaire,exprime en % du salaire moyen local,OCDE et Quebec,2020
Belgique,Celibataire 167%,Celibataire,1.67,0.46795142,0.30102363,Charge fiscale nette en pourcentage du revenu brut de travail. par niveau de salaire,exprime en % du salaire moyen local,OCDE et Quebec,2020
Canada,Celibataire 167%,Celibataire,1.67,0.26487469,0.30102363,Charge fiscale nette en pourcentage du revenu brut de travail. par niveau de salaire,exprime en % du salaire moyen local,OCDE et Quebec,2020
Chili,Celibataire 167%,Celibataire,1.67,0.08322997,0.30102363,Charge fiscale nette en pourcentage du revenu brut de travail. par niveau de salaire,exprime en % du salaire moyen local,OCDE et Quebec,2020
Colombie,Celibataire 167%,Celibataire,,0,0.30102363,Charge fiscale nette en pourcentage du revenu brut de travail. par niveau de salaire,exprime en % du salaire moyen local,OCDE et Quebec,2020
Republique tcheque,Celibataire 167%,Celibataire,1.67,0.2737234,0.30102363,Charge fiscale nette en pourcentage du revenu brut de travail. par niveau de salaire,exprime en % du salaire moyen local,OCDE et Quebec,2020
Danemark,Celibataire 167%,Celibataire,1.67,0.40781105,0.30102363,Charge fiscale nette en pourcentage du revenu brut de travail. par niveau de salaire,exprime en % du salaire moyen local,OCDE et Quebec,2020
Estonie,Celibataire 167%,Celibataire,1.67,0.2128,0.30102363,Charge fiscale nette en pourcentage du revenu brut de travail. par niveau de salaire,exprime en % du salaire moyen local,OCDE et Quebec,2020
Finlande,Celibataire 167%,Celibataire,1.67,0.37993615,0.30102363,Charge fiscale nette en pourcentage du revenu brut de travail. par niveau de salaire,exprime en % du salaire moyen local,OCDE et Quebec,2020
France,Celibataire 167%,Celibataire,1.67,0.33376237,0.30102363,Charge fiscale nette en pourcentage du revenu brut de travail. par niveau de salaire,exprime en % du salaire moyen local,OCDE et Quebec,2020
Allemagne,Celibataire 167%,Celibataire,1.67,0.43322989,0.30102363,Charge fiscale nette en pourcentage du revenu brut de travail. par niveau de salaire,exprime en % du salaire moyen local,OCDE et Quebec,2020
Grece,Celibataire 167%,Celibataire,1.67,0.32781666,0.30102363,Charge fiscale nette en pourcentage du revenu brut de travail. par niveau de salaire,exprime en % du salaire moyen local,OCDE et Quebec,2020
Hongrie,Celibataire 167%,Celibataire,1.67,0.335,0.30102363,Charge fiscale nette en pourcentage du revenu brut de travail. par niveau de salaire,exprime en % du salaire moyen local,OCDE et Quebec,2020
Islande,Celibataire 167%,Celibataire,1.67,0.33127143,0.30102363,Charge fiscale nette en pourcentage du revenu brut de travail. par niveau de salaire,exprime en % du salaire moyen local,OCDE et Quebec,2020
Irlande,Celibataire 167%,Celibataire,1.67,0.34679427,0.30102363,Charge fiscale nette en pourcentage du revenu brut de travail. par niveau de salaire,exprime en % du salaire moyen local,OCDE et Quebec,2020
Israel,Celibataire 167%,Celibataire,1.67,0.27591559,0.30102363,Charge fiscale nette en pourcentage du revenu brut de travail. par niveau de salaire,exprime en % du salaire moyen local,OCDE et Quebec,2020
Italie,Celibataire 167%,Celibataire,1.67,0.3901983,0.30102363,Charge fiscale nette en pourcentage du revenu brut de travail. par niveau de salaire,exprime en % du salaire moyen local,OCDE et Quebec,2020
Japon,Celibataire 167%,Celibataire,1.67,0.26068902,0.30102363,Charge fiscale nette en pourcentage du revenu brut de travail. par niveau de salaire,exprime en % du salaire moyen local,OCDE et Quebec,2020
Coree,Celibataire 167%,Celibataire,1.67,0.18880761,0.30102363,Charge fiscale nette en pourcentage du revenu brut de travail. par niveau de salaire,exprime en % du salaire moyen local,OCDE et Quebec,2020
Lettonie,Celibataire 167%,Celibataire,1.67,0.29017045,0.30102363,Charge fiscale nette en pourcentage du revenu brut de travail. par niveau de salaire,exprime en % du salaire moyen local,OCDE et Quebec,2020
Lituanie,Celibataire 167%,Celibataire,1.67,0.38791199,0.30102363,Charge fiscale nette en pourcentage du revenu brut de travail. par niveau de salaire,exprime en % du salaire moyen local,OCDE et Quebec,2020
Luxembourg,Celibataire 167%,Celibataire,1.67,0.37543721,0.30102363,Charge fiscale nette en pourcentage du revenu brut de travail. par niveau de salaire,exprime en % du salaire moyen local,OCDE et Quebec,2020
Mexique,Celibataire 167%,Celibataire,1.67,0.15408323,0.30102363,Charge fiscale nette en pourcentage du revenu brut de travail. par niveau de salaire,exprime en % du salaire moyen local,OCDE et Quebec,2020
Pays-Bas,Celibataire 167%,Celibataire,1.67,0.36839729,0.30102363,Charge fiscale nette en pourcentage du revenu brut de travail. par niveau de salaire,exprime en % du salaire moyen local,OCDE et Quebec,2020
Nouvelle-Zelande,Celibataire 167%,Celibataire,1.67,0.24524356,0.30102363,Charge fiscale nette en pourcentage du revenu brut de travail. par niveau de salaire,exprime en % du salaire moyen local,OCDE et Quebec,2020
Norvege,Celibataire 167%,Celibataire,1.67,0.33885273,0.30102363,Charge fiscale nette en pourcentage du revenu brut de travail. par niveau de salaire,exprime en % du salaire moyen local,OCDE et Quebec,2020
Pologne,Celibataire 167%,Celibataire,1.67,0.24790144,0.30102363,Charge fiscale nette en pourcentage du revenu brut de travail. par niveau de salaire,exprime en % du salaire moyen local,OCDE et Quebec,2020
Portugal,Celibataire 167%,Celibataire,1.67,0.34055982,0.30102363,Charge fiscale nette en pourcentage du revenu brut de travail. par niveau de salaire,exprime en % du salaire moyen local,OCDE et Quebec,2020
Republique slovaque,Celibataire 167%,Celibataire,1.67,0.26049434,0.30102363,Charge fiscale nette en pourcentage du revenu brut de travail. par niveau de salaire,exprime en % du salaire moyen local,OCDE et Quebec,2020
Slovenie,Celibataire 167%,Celibataire,1.67,0.37194015,0.30102363,Charge fiscale nette en pourcentage du revenu brut de travail. par niveau de salaire,exprime en % du salaire moyen local,OCDE et Quebec,2020
Espagne,Celibataire 167%,Celibataire,1.67,0.26948029,0.30102363,Charge fiscale nette en pourcentage du revenu brut de travail. par niveau de salaire,exprime en % du salaire moyen local,OCDE et Quebec,2020
Suede,Celibataire 167%,Celibataire,1.67,0.34794982,0.30102363,Charge fiscale nette en pourcentage du revenu brut de travail. par niveau de salaire,exprime en % du salaire moyen local,OCDE et Quebec,2020
Suisse,Celibataire 167%,Celibataire,1.67,0.22001182,0.30102363,Charge fiscale nette en pourcentage du revenu brut de travail. par niveau de salaire,exprime en % du salaire moyen local,OCDE et Quebec,2020
Turquie,Celibataire 167%,Celibataire,1.67,0.32958411,0.30102363,Charge fiscale nette en pourcentage du revenu brut de travail. par niveau de salaire,exprime en % du salaire moyen local,OCDE et Quebec,2020
Royaume-Uni,Celibataire 167%,Celibataire,1.67,0.29624997,0.30102363,Charge fiscale nette en pourcentage du revenu brut de travail. par niveau de salaire,exprime en % du salaire moyen local,OCDE et Quebec,2020
etats-Unis,Celibataire 167%,Celibataire,1.67,0.29238697,0.30102363,Charge fiscale nette en pourcentage du revenu brut de travail. par niveau de salaire,exprime en % du salaire moyen local,OCDE et Quebec,2020
Quebec,Celibataire 167%,Celibataire,1.67,0.313730553,0.30102363,Charge fiscale nette en pourcentage du revenu brut de travail. par niveau de salaire,exprime en % du salaire moyen local,OCDE et Quebec,2020
Terre-Neuve-et-Labrador,Celibataire 167%,Celibataire,1.67,0.30015782,0.30102363,Charge fiscale nette en pourcentage du revenu brut de travail. par niveau de salaire,exprime en % du salaire moyen local,OCDE et Quebec,2020
ele-du-Prince-edouard,Celibataire 167%,Celibataire,1.67,0.2972521,0.30102363,Charge fiscale nette en pourcentage du revenu brut de travail. par niveau de salaire,exprime en % du salaire moyen local,OCDE et Quebec,2020
Nouvelle-ecosse,Celibataire 167%,Celibataire,1.67,0.305443998,0.30102363,Charge fiscale nette en pourcentage du revenu brut de travail. par niveau de salaire,exprime en % du salaire moyen local,OCDE et Quebec,2020
Nouveau-Brunswick,Celibataire 167%,Celibataire,1.67,0.292538263,0.30102363,Charge fiscale nette en pourcentage du revenu brut de travail. par niveau de salaire,exprime en % du salaire moyen local,OCDE et Quebec,2020
Ontario,Celibataire 167%,Celibataire,1.67,0.265406269,0.30102363,Charge fiscale nette en pourcentage du revenu brut de travail. par niveau de salaire,exprime en % du salaire moyen local,OCDE et Quebec,2020
Manitoba,Celibataire 167%,Celibataire,1.67,0.292347192,0.30102363,Charge fiscale nette en pourcentage du revenu brut de travail. par niveau de salaire,exprime en % du salaire moyen local,OCDE et Quebec,2020
Saskatchewan,Celibataire 167%,Celibataire,1.67,0.27597243,0.30102363,Charge fiscale nette en pourcentage du revenu brut de travail. par niveau de salaire,exprime en % du salaire moyen local,OCDE et Quebec,2020
Alberta,Celibataire 167%,Celibataire,1.67,0.266391109,0.30102363,Charge fiscale nette en pourcentage du revenu brut de travail. par niveau de salaire,exprime en % du salaire moyen local,OCDE et Quebec,2020
Colombie-Britannique,Celibataire 167%,Celibataire,1.67,0.247988677,0.30102363,Charge fiscale nette en pourcentage du revenu brut de travail. par niveau de salaire,exprime en % du salaire moyen local,OCDE et Quebec,2020
Provinces sans Qc,Celibataire 167%,Celibataire,1.67,0.282610873,0.30102363,Charge fiscale nette en pourcentage du revenu brut de travail. par niveau de salaire,exprime en % du salaire moyen local,OCDE et Quebec,2020
Moyenne OCDE,Celibataire 167%,Celibataire,1.67,0.30102363,0.30102363,Charge fiscale nette en pourcentage du revenu brut de travail. par niveau de salaire,exprime en % du salaire moyen local,OCDE et Quebec,2020
,,,,,,,,,
Australie,Monoparentale 67%,Monoparentale,0.67,-0.04695959,0.00809855,Charge fiscale nette en pourcentage du revenu brut de travail. par niveau de salaire,exprime en % du salaire moyen local,OCDE et Quebec,2020
Autriche,Monoparentale 67%,Monoparentale,0.67,-0.02641014,0.00809855,Charge fiscale nette en pourcentage du revenu brut de travail. par niveau de salaire,exprime en % du salaire moyen local,OCDE et Quebec,2020
Belgique,Monoparentale 67%,Monoparentale,0.67,0.0690825,0.00809855,Charge fiscale nette en pourcentage du revenu brut de travail. par niveau de salaire,exprime en % du salaire moyen local,OCDE et Quebec,2020
Canada,Monoparentale 67%,Monoparentale,0.67,-0.30134578,0.00809855,Charge fiscale nette en pourcentage du revenu brut de travail. par niveau de salaire,exprime en % du salaire moyen local,OCDE et Quebec,2020
Chili,Monoparentale 67%,Monoparentale,0.67,0.06119944,0.00809855,Charge fiscale nette en pourcentage du revenu brut de travail. par niveau de salaire,exprime en % du salaire moyen local,OCDE et Quebec,2020
Colombie,Monoparentale 67%,Monoparentale,0.67,-0.08002379,0.00809855,Charge fiscale nette en pourcentage du revenu brut de travail. par niveau de salaire,exprime en % du salaire moyen local,OCDE et Quebec,2020
Republique tcheque,Monoparentale 67%,Monoparentale,0.67,-0.04507981,0.00809855,Charge fiscale nette en pourcentage du revenu brut de travail. par niveau de salaire,exprime en % du salaire moyen local,OCDE et Quebec,2020
Danemark,Monoparentale 67%,Monoparentale,0.67,0.04035325,0.00809855,Charge fiscale nette en pourcentage du revenu brut de travail. par niveau de salaire,exprime en % du salaire moyen local,OCDE et Quebec,2020
Estonie,Monoparentale 67%,Monoparentale,0.67,-0.09849825,0.00809855,Charge fiscale nette en pourcentage du revenu brut de travail. par niveau de salaire,exprime en % du salaire moyen local,OCDE et Quebec,2020
Finlande,Monoparentale 67%,Monoparentale,0.67,0.09550397,0.00809855,Charge fiscale nette en pourcentage du revenu brut de travail. par niveau de salaire,exprime en % du salaire moyen local,OCDE et Quebec,2020
France,Monoparentale 67%,Monoparentale,0.67,-0.05716459,0.00809855,Charge fiscale nette en pourcentage du revenu brut de travail. par niveau de salaire,exprime en % du salaire moyen local,OCDE et Quebec,2020
Allemagne,Monoparentale 67%,Monoparentale,0.67,0.13853728,0.00809855,Charge fiscale nette en pourcentage du revenu brut de travail. par niveau de salaire,exprime en % du salaire moyen local,OCDE et Quebec,2020
Grece,Monoparentale 67%,Monoparentale,0.67,0.1144377,0.00809855,Charge fiscale nette en pourcentage du revenu brut de travail. par niveau de salaire,exprime en % du salaire moyen local,OCDE et Quebec,2020
Hongrie,Monoparentale 67%,Monoparentale,0.67,0.0862667,0.00809855,Charge fiscale nette en pourcentage du revenu brut de travail. par niveau de salaire,exprime en % du salaire moyen local,OCDE et Quebec,2020
Islande,Monoparentale 67%,Monoparentale,0.67,0.1072743,0.00809855,Charge fiscale nette en pourcentage du revenu brut de travail. par niveau de salaire,exprime en % du salaire moyen local,OCDE et Quebec,2020
Irlande,Monoparentale 67%,Monoparentale,0.67,-0.09597861,0.00809855,Charge fiscale nette en pourcentage du revenu brut de travail. par niveau de salaire,exprime en % du salaire moyen local,OCDE et Quebec,2020
Israel,Monoparentale 67%,Monoparentale,0.67,-0.0181035,0.00809855,Charge fiscale nette en pourcentage du revenu brut de travail. par niveau de salaire,exprime en % du salaire moyen local,OCDE et Quebec,2020
Italie,Monoparentale 67%,Monoparentale,0.67,-0.00097134,0.00809855,Charge fiscale nette en pourcentage du revenu brut de travail. par niveau de salaire,exprime en % du salaire moyen local,OCDE et Quebec,2020
Japon,Monoparentale 67%,Monoparentale,0.67,0.04736114,0.00809855,Charge fiscale nette en pourcentage du revenu brut de travail. par niveau de salaire,exprime en % du salaire moyen local,OCDE et Quebec,2020
Coree,Monoparentale 67%,Monoparentale,0.67,0.0457477,0.00809855,Charge fiscale nette en pourcentage du revenu brut de travail. par niveau de salaire,exprime en % du salaire moyen local,OCDE et Quebec,2020
Lettonie,Monoparentale 67%,Monoparentale,0.67,0.04877577,0.00809855,Charge fiscale nette en pourcentage du revenu brut de travail. par niveau de salaire,exprime en % du salaire moyen local,OCDE et Quebec,2020
Lituanie,Monoparentale 67%,Monoparentale,0.67,0.0656873,0.00809855,Charge fiscale nette en pourcentage du revenu brut de travail. par niveau de salaire,exprime en % du salaire moyen local,OCDE et Quebec,2020
Luxembourg,Monoparentale 67%,Monoparentale,0.67,-0.06774521,0.00809855,Charge fiscale nette en pourcentage du revenu brut de travail. par niveau de salaire,exprime en % du salaire moyen local,OCDE et Quebec,2020
Mexique,Monoparentale 67%,Monoparentale,0.67,0.04942797,0.00809855,Charge fiscale nette en pourcentage du revenu brut de travail. par niveau de salaire,exprime en % du salaire moyen local,OCDE et Quebec,2020
Pays-Bas,Monoparentale 67%,Monoparentale,0.67,-0.05489675,0.00809855,Charge fiscale nette en pourcentage du revenu brut de travail. par niveau de salaire,exprime en % du salaire moyen local,OCDE et Quebec,2020
Nouvelle-Zelande,Monoparentale 67%,Monoparentale,0.67,-0.18104227,0.00809855,Charge fiscale nette en pourcentage du revenu brut de travail. par niveau de salaire,exprime en % du salaire moyen local,OCDE et Quebec,2020
Norvege,Monoparentale 67%,Monoparentale,0.67,0.12300009,0.00809855,Charge fiscale nette en pourcentage du revenu brut de travail. par niveau de salaire,exprime en % du salaire moyen local,OCDE et Quebec,2020
Pologne,Monoparentale 67%,Monoparentale,0.67,-0.20456568,0.00809855,Charge fiscale nette en pourcentage du revenu brut de travail. par niveau de salaire,exprime en % du salaire moyen local,OCDE et Quebec,2020
Portugal,Monoparentale 67%,Monoparentale,0.67,0.05260199,0.00809855,Charge fiscale nette en pourcentage du revenu brut de travail. par niveau de salaire,exprime en % du salaire moyen local,OCDE et Quebec,2020
Republique slovaque,Monoparentale 67%,Monoparentale,0.67,0.0743505,0.00809855,Charge fiscale nette en pourcentage du revenu brut de travail. par niveau de salaire,exprime en % du salaire moyen local,OCDE et Quebec,2020
Slovenie,Monoparentale 67%,Monoparentale,0.67,0.0050408,0.00809855,Charge fiscale nette en pourcentage du revenu brut de travail. par niveau de salaire,exprime en % du salaire moyen local,OCDE et Quebec,2020
Espagne,Monoparentale 67%,Monoparentale,0.67,0.01931304,0.00809855,Charge fiscale nette en pourcentage du revenu brut de travail. par niveau de salaire,exprime en % du salaire moyen local,OCDE et Quebec,2020
Suede,Monoparentale 67%,Monoparentale,0.67,0.11648902,0.00809855,Charge fiscale nette en pourcentage du revenu brut de travail. par niveau de salaire,exprime en % du salaire moyen local,OCDE et Quebec,2020
Suisse,Monoparentale 67%,Monoparentale,0.67,-0.01675776,0.00809855,Charge fiscale nette en pourcentage du revenu brut de travail. par niveau de salaire,exprime en % du salaire moyen local,OCDE et Quebec,2020
Turquie,Monoparentale 67%,Monoparentale,0.67,0.2368747,0.00809855,Charge fiscale nette en pourcentage du revenu brut de travail. par niveau de salaire,exprime en % du salaire moyen local,OCDE et Quebec,2020
Royaume-Uni,Monoparentale 67%,Monoparentale,0.67,0.00630801,0.00809855,Charge fiscale nette en pourcentage du revenu brut de travail. par niveau de salaire,exprime en % du salaire moyen local,OCDE et Quebec,2020
etats-Unis,Monoparentale 67%,Monoparentale,0.67,-0.00844392,0.00809855,Charge fiscale nette en pourcentage du revenu brut de travail. par niveau de salaire,exprime en % du salaire moyen local,OCDE et Quebec,2020
Quebec,Monoparentale 67%,Monoparentale,0.67,-0.405676953,0.00809855,Charge fiscale nette en pourcentage du revenu brut de travail. par niveau de salaire,exprime en % du salaire moyen local,OCDE et Quebec,2020
Terre-Neuve-et-Labrador,Monoparentale 67%,Monoparentale,0.67,-0.244988389,0.00809855,Charge fiscale nette en pourcentage du revenu brut de travail. par niveau de salaire,exprime en % du salaire moyen local,OCDE et Quebec,2020
ele-du-Prince-edouard,Monoparentale 67%,Monoparentale,0.67,-0.315569015,0.00809855,Charge fiscale nette en pourcentage du revenu brut de travail. par niveau de salaire,exprime en % du salaire moyen local,OCDE et Quebec,2020
Nouvelle-ecosse,Monoparentale 67%,Monoparentale,0.67,-0.348481576,0.00809855,Charge fiscale nette en pourcentage du revenu brut de travail. par niveau de salaire,exprime en % du salaire moyen local,OCDE et Quebec,2020
Nouveau-Brunswick,Monoparentale 67%,Monoparentale,0.67,-0.3266084,0.00809855,Charge fiscale nette en pourcentage du revenu brut de travail. par niveau de salaire,exprime en % du salaire moyen local,OCDE et Quebec,2020
Ontario,Monoparentale 67%,Monoparentale,0.67,-0.296815657,0.00809855,Charge fiscale nette en pourcentage du revenu brut de travail. par niveau de salaire,exprime en % du salaire moyen local,OCDE et Quebec,2020
Manitoba,Monoparentale 67%,Monoparentale,0.67,-0.304383655,0.00809855,Charge fiscale nette en pourcentage du revenu brut de travail. par niveau de salaire,exprime en % du salaire moyen local,OCDE et Quebec,2020
Saskatchewan,Monoparentale 67%,Monoparentale,0.67,-0.288294176,0.00809855,Charge fiscale nette en pourcentage du revenu brut de travail. par niveau de salaire,exprime en % du salaire moyen local,OCDE et Quebec,2020
Alberta,Monoparentale 67%,Monoparentale,0.67,-0.238913506,0.00809855,Charge fiscale nette en pourcentage du revenu brut de travail. par niveau de salaire,exprime en % du salaire moyen local,OCDE et Quebec,2020
Colombie-Britannique,Monoparentale 67%,Monoparentale,0.67,-0.311269255,0.00809855,Charge fiscale nette en pourcentage du revenu brut de travail. par niveau de salaire,exprime en % du salaire moyen local,OCDE et Quebec,2020
Provinces sans Qc,Monoparentale 67%,Monoparentale,0.67,-0.297258181,0.00809855,Charge fiscale nette en pourcentage du revenu brut de travail. par niveau de salaire,exprime en % du salaire moyen local,OCDE et Quebec,2020
Moyenne OCDE,Monoparentale 67%,Monoparentale,0.67,0.00809855,0.00809855,Charge fiscale nette en pourcentage du revenu brut de travail. par niveau de salaire,exprime en % du salaire moyen local,OCDE et Quebec,2020
,,,,,,,,,
Australie,Couple avec deux enfants 100%,Couple avec deux enfants,1,0.16103301,0.12855487,Charge fiscale nette en pourcentage du revenu brut de travail. par niveau de salaire,exprime en % du salaire moyen local,OCDE et Quebec,2020
Autriche,Couple avec deux enfants 100%,Couple avec deux enfants,1,0.1292902,0.12855487,Charge fiscale nette en pourcentage du revenu brut de travail. par niveau de salaire,exprime en % du salaire moyen local,OCDE et Quebec,2020
Belgique,Couple avec deux enfants 100%,Couple avec deux enfants,1,0.17238813,0.12855487,Charge fiscale nette en pourcentage du revenu brut de travail. par niveau de salaire,exprime en % du salaire moyen local,OCDE et Quebec,2020
Canada,Couple avec deux enfants 100%,Couple avec deux enfants,1,0.00731028,0.12855487,Charge fiscale nette en pourcentage du revenu brut de travail. par niveau de salaire,exprime en % du salaire moyen local,OCDE et Quebec,2020
Chili,Couple avec deux enfants 100%,Couple avec deux enfants,1,0.07,0.12855487,Charge fiscale nette en pourcentage du revenu brut de travail. par niveau de salaire,exprime en % du salaire moyen local,OCDE et Quebec,2020
Colombie,Couple avec deux enfants 100%,Couple avec deux enfants,1,-0.05361594,0.12855487,Charge fiscale nette en pourcentage du revenu brut de travail. par niveau de salaire,exprime en % du salaire moyen local,OCDE et Quebec,2020
Republique tcheque,Couple avec deux enfants 100%,Couple avec deux enfants,1,0.0105766,0.12855487,Charge fiscale nette en pourcentage du revenu brut de travail. par niveau de salaire,exprime en % du salaire moyen local,OCDE et Quebec,2020
Danemark,Couple avec deux enfants 100%,Couple avec deux enfants,1,0.2509818,0.12855487,Charge fiscale nette en pourcentage du revenu brut de travail. par niveau de salaire,exprime en % du salaire moyen local,OCDE et Quebec,2020
Estonie,Couple avec deux enfants 100%,Couple avec deux enfants,1,0.0208708,0.12855487,Charge fiscale nette en pourcentage du revenu brut de travail. par niveau de salaire,exprime en % du salaire moyen local,OCDE et Quebec,2020
Finlande,Couple avec deux enfants 100%,Couple avec deux enfants,1,0.24918031,0.12855487,Charge fiscale nette en pourcentage du revenu brut de travail. par niveau de salaire,exprime en % du salaire moyen local,OCDE et Quebec,2020
France,Couple avec deux enfants 100%,Couple avec deux enfants,1,0.15341351,0.12855487,Charge fiscale nette en pourcentage du revenu brut de travail. par niveau de salaire,exprime en % du salaire moyen local,OCDE et Quebec,2020
Allemagne,Couple avec deux enfants 100%,Couple avec deux enfants,1,0.19571759,0.12855487,Charge fiscale nette en pourcentage du revenu brut de travail. par niveau de salaire,exprime en % du salaire moyen local,OCDE et Quebec,2020
Grece,Couple avec deux enfants 100%,Couple avec deux enfants,1,0.21679252,0.12855487,Charge fiscale nette en pourcentage du revenu brut de travail. par niveau de salaire,exprime en % du salaire moyen local,OCDE et Quebec,2020
Hongrie,Couple avec deux enfants 100%,Couple avec deux enfants,1,0.17553204,0.12855487,Charge fiscale nette en pourcentage du revenu brut de travail. par niveau de salaire,exprime en % du salaire moyen local,OCDE et Quebec,2020
Islande,Couple avec deux enfants 100%,Couple avec deux enfants,1,0.13424667,0.12855487,Charge fiscale nette en pourcentage du revenu brut de travail. par niveau de salaire,exprime en % du salaire moyen local,OCDE et Quebec,2020
Irlande,Couple avec deux enfants 100%,Couple avec deux enfants,1,0.06811544,0.12855487,Charge fiscale nette en pourcentage du revenu brut de travail. par niveau de salaire,exprime en % du salaire moyen local,OCDE et Quebec,2020
Israel,Couple avec deux enfants 100%,Couple avec deux enfants,1,0.15401756,0.12855487,Charge fiscale nette en pourcentage du revenu brut de travail. par niveau de salaire,exprime en % du salaire moyen local,OCDE et Quebec,2020
Italie,Couple avec deux enfants 100%,Couple avec deux enfants,1,0.16352785,0.12855487,Charge fiscale nette en pourcentage du revenu brut de travail. par niveau de salaire,exprime en % du salaire moyen local,OCDE et Quebec,2020
Japon,Couple avec deux enfants 100%,Couple avec deux enfants,1,0.16323365,0.12855487,Charge fiscale nette en pourcentage du revenu brut de travail. par niveau de salaire,exprime en % du salaire moyen local,OCDE et Quebec,2020
Coree,Couple avec deux enfants 100%,Couple avec deux enfants,1,0.09529401,0.12855487,Charge fiscale nette en pourcentage du revenu brut de travail. par niveau de salaire,exprime en % du salaire moyen local,OCDE et Quebec,2020
Lettonie,Couple avec deux enfants 100%,Couple avec deux enfants,1,0.14417464,0.12855487,Charge fiscale nette en pourcentage du revenu brut de travail. par niveau de salaire,exprime en % du salaire moyen local,OCDE et Quebec,2020
Lituanie,Couple avec deux enfants 100%,Couple avec deux enfants,1,0.18690049,0.12855487,Charge fiscale nette en pourcentage du revenu brut de travail. par niveau de salaire,exprime en % du salaire moyen local,OCDE et Quebec,2020
Luxembourg,Couple avec deux enfants 100%,Couple avec deux enfants,1,0.04733095,0.12855487,Charge fiscale nette en pourcentage du revenu brut de travail. par niveau de salaire,exprime en % du salaire moyen local,OCDE et Quebec,2020
Mexique,Couple avec deux enfants 100%,Couple avec deux enfants,1,0.10796305,0.12855487,Charge fiscale nette en pourcentage du revenu brut de travail. par niveau de salaire,exprime en % du salaire moyen local,OCDE et Quebec,2020
Pays-Bas,Couple avec deux enfants 100%,Couple avec deux enfants,1,0.21562691,0.12855487,Charge fiscale nette en pourcentage du revenu brut de travail. par niveau de salaire,exprime en % du salaire moyen local,OCDE et Quebec,2020
Nouvelle-Zelande,Couple avec deux enfants 100%,Couple avec deux enfants,1,0.05042089,0.12855487,Charge fiscale nette en pourcentage du revenu brut de travail. par niveau de salaire,exprime en % du salaire moyen local,OCDE et Quebec,2020
Norvege,Couple avec deux enfants 100%,Couple avec deux enfants,1,0.23425656,0.12855487,Charge fiscale nette en pourcentage du revenu brut de travail. par niveau de salaire,exprime en % du salaire moyen local,OCDE et Quebec,2020
Pologne,Couple avec deux enfants 100%,Couple avec deux enfants,1,-0.01089462,0.12855487,Charge fiscale nette en pourcentage du revenu brut de travail. par niveau de salaire,exprime en % du salaire moyen local,OCDE et Quebec,2020
Portugal,Couple avec deux enfants 100%,Couple avec deux enfants,1,0.13335608,0.12855487,Charge fiscale nette en pourcentage du revenu brut de travail. par niveau de salaire,exprime en % du salaire moyen local,OCDE et Quebec,2020
Republique slovaque,Couple avec deux enfants 100%,Couple avec deux enfants,1,0.09024275,0.12855487,Charge fiscale nette en pourcentage du revenu brut de travail. par niveau de salaire,exprime en % du salaire moyen local,OCDE et Quebec,2020
Slovenie,Couple avec deux enfants 100%,Couple avec deux enfants,1,0.13548803,0.12855487,Charge fiscale nette en pourcentage du revenu brut de travail. par niveau de salaire,exprime en % du salaire moyen local,OCDE et Quebec,2020
Espagne,Couple avec deux enfants 100%,Couple avec deux enfants,1,0.14102952,0.12855487,Charge fiscale nette en pourcentage du revenu brut de travail. par niveau de salaire,exprime en % du salaire moyen local,OCDE et Quebec,2020
Suede,Couple avec deux enfants 100%,Couple avec deux enfants,1,0.17832959,0.12855487,Charge fiscale nette en pourcentage du revenu brut de travail. par niveau de salaire,exprime en % du salaire moyen local,OCDE et Quebec,2020
Suisse,Couple avec deux enfants 100%,Couple avec deux enfants,1,0.03798505,0.12855487,Charge fiscale nette en pourcentage du revenu brut de travail. par niveau de salaire,exprime en % du salaire moyen local,OCDE et Quebec,2020
Turquie,Couple avec deux enfants 100%,Couple avec deux enfants,1,0.27333834,0.12855487,Charge fiscale nette en pourcentage du revenu brut de travail. par niveau de salaire,exprime en % du salaire moyen local,OCDE et Quebec,2020
Royaume-Uni,Couple avec deux enfants 100%,Couple avec deux enfants,1,0.18330134,0.12855487,Charge fiscale nette en pourcentage du revenu brut de travail. par niveau de salaire,exprime en % du salaire moyen local,OCDE et Quebec,2020
etats-Unis,Couple avec deux enfants 100%,Couple avec deux enfants,1,0.06977474,0.12855487,Charge fiscale nette en pourcentage du revenu brut de travail. par niveau de salaire,exprime en % du salaire moyen local,OCDE et Quebec,2020
Quebec,Couple avec deux enfants 100%,Couple avec deux enfants,1,-0.091539061,0.12855487,Charge fiscale nette en pourcentage du revenu brut de travail. par niveau de salaire,exprime en % du salaire moyen local,OCDE et Quebec,2020
Terre-Neuve-et-Labrador,Couple avec deux enfants 100%,Couple avec deux enfants,1,0.046590114,0.12855487,Charge fiscale nette en pourcentage du revenu brut de travail. par niveau de salaire,exprime en % du salaire moyen local,OCDE et Quebec,2020
ele-du-Prince-edouard,Couple avec deux enfants 100%,Couple avec deux enfants,1,-0.039650809,0.12855487,Charge fiscale nette en pourcentage du revenu brut de travail. par niveau de salaire,exprime en % du salaire moyen local,OCDE et Quebec,2020
Nouvelle-ecosse,Couple avec deux enfants 100%,Couple avec deux enfants,1,-0.017950061,0.12855487,Charge fiscale nette en pourcentage du revenu brut de travail. par niveau de salaire,exprime en % du salaire moyen local,OCDE et Quebec,2020
Nouveau-Brunswick,Couple avec deux enfants 100%,Couple avec deux enfants,1,-0.03156496,0.12855487,Charge fiscale nette en pourcentage du revenu brut de travail. par niveau de salaire,exprime en % du salaire moyen local,OCDE et Quebec,2020
Ontario,Couple avec deux enfants 100%,Couple avec deux enfants,1,0.014227105,0.12855487,Charge fiscale nette en pourcentage du revenu brut de travail. par niveau de salaire,exprime en % du salaire moyen local,OCDE et Quebec,2020
Manitoba,Couple avec deux enfants 100%,Couple avec deux enfants,1,-0.032602662,0.12855487,Charge fiscale nette en pourcentage du revenu brut de travail. par niveau de salaire,exprime en % du salaire moyen local,OCDE et Quebec,2020
Saskatchewan,Couple avec deux enfants 100%,Couple avec deux enfants,1,-0.031691671,0.12855487,Charge fiscale nette en pourcentage du revenu brut de travail. par niveau de salaire,exprime en % du salaire moyen local,OCDE et Quebec,2020
Alberta,Couple avec deux enfants 100%,Couple avec deux enfants,1,0.026210072,0.12855487,Charge fiscale nette en pourcentage du revenu brut de travail. par niveau de salaire,exprime en % du salaire moyen local,OCDE et Quebec,2020
Colombie-Britannique,Couple avec deux enfants 100%,Couple avec deux enfants,1,-0.033706243,0.12855487,Charge fiscale nette en pourcentage du revenu brut de travail. par niveau de salaire,exprime en % du salaire moyen local,OCDE et Quebec,2020
Provinces sans Qc,Couple avec deux enfants 100%,Couple avec deux enfants,1,-0.011126568,0.12855487,Charge fiscale nette en pourcentage du revenu brut de travail. par niveau de salaire,exprime en % du salaire moyen local,OCDE et Quebec,2020
Moyenne OCDE,Couple avec deux enfants 100%,Couple avec deux enfants,1,0.12855487,0.12855487,Charge fiscale nette en pourcentage du revenu brut de travail. par niveau de salaire,exprime en % du salaire moyen local,OCDE et Quebec,2020
,,,,,,,,,
Australie,Couple avec deux enfants 167%,Couple avec deux enfants,1.67,0.21920232,0.18135627,Charge fiscale nette en pourcentage du revenu brut de travail. par niveau de salaire,exprime en % du salaire moyen local,OCDE et Quebec,2020
Autriche,Couple avec deux enfants 167%,Couple avec deux enfants,1.67,0.19266807,0.18135627,Charge fiscale nette en pourcentage du revenu brut de travail. par niveau de salaire,exprime en % du salaire moyen local,OCDE et Quebec,2020
Belgique,Couple avec deux enfants 167%,Couple avec deux enfants,1.67,0.28486571,0.18135627,Charge fiscale nette en pourcentage du revenu brut de travail. par niveau de salaire,exprime en % du salaire moyen local,OCDE et Quebec,2020
Canada,Couple avec deux enfants 167%,Couple avec deux enfants,1.67,0.15631173,0.18135627,Charge fiscale nette en pourcentage du revenu brut de travail. par niveau de salaire,exprime en % du salaire moyen local,OCDE et Quebec,2020
Chili,Couple avec deux enfants 167%,Couple avec deux enfants,1.67,0.06646924,0.18135627,Charge fiscale nette en pourcentage du revenu brut de travail. par niveau de salaire,exprime en % du salaire moyen local,OCDE et Quebec,2020
Colombie,Couple avec deux enfants 167%,Couple avec deux enfants,1.67,-0.06421071,0.18135627,Charge fiscale nette en pourcentage du revenu brut de travail. par niveau de salaire,exprime en % du salaire moyen local,OCDE et Quebec,2020
Republique tcheque,Couple avec deux enfants 167%,Couple avec deux enfants,1.67,0.13098539,0.18135627,Charge fiscale nette en pourcentage du revenu brut de travail. par niveau de salaire,exprime en % du salaire moyen local,OCDE et Quebec,2020
Danemark,Couple avec deux enfants 167%,Couple avec deux enfants,1.67,0.30509919,0.18135627,Charge fiscale nette en pourcentage du revenu brut de travail. par niveau de salaire,exprime en % du salaire moyen local,OCDE et Quebec,2020
Estonie,Couple avec deux enfants 167%,Couple avec deux enfants,1.67,0.07022987,0.18135627,Charge fiscale nette en pourcentage du revenu brut de travail. par niveau de salaire,exprime en % du salaire moyen local,OCDE et Quebec,2020
Finlande,Couple avec deux enfants 167%,Couple avec deux enfants,1.67,0.2388135,0.18135627,Charge fiscale nette en pourcentage du revenu brut de travail. par niveau de salaire,exprime en % du salaire moyen local,OCDE et Quebec,2020
France,Couple avec deux enfants 167%,Couple avec deux enfants,1.67,0.20551364,0.18135627,Charge fiscale nette en pourcentage du revenu brut de travail. par niveau de salaire,exprime en % du salaire moyen local,OCDE et Quebec,2020
Allemagne,Couple avec deux enfants 167%,Couple avec deux enfants,1.67,0.29891169,0.18135627,Charge fiscale nette en pourcentage du revenu brut de travail. par niveau de salaire,exprime en % du salaire moyen local,OCDE et Quebec,2020
Grece,Couple avec deux enfants 167%,Couple avec deux enfants,1.67,0.21985797,0.18135627,Charge fiscale nette en pourcentage du revenu brut de travail. par niveau de salaire,exprime en % du salaire moyen local,OCDE et Quebec,2020
Hongrie,Couple avec deux enfants 167%,Couple avec deux enfants,1.67,0.2395102,0.18135627,Charge fiscale nette en pourcentage du revenu brut de travail. par niveau de salaire,exprime en % du salaire moyen local,OCDE et Quebec,2020
Islande,Couple avec deux enfants 167%,Couple avec deux enfants,1.67,0.25467601,0.18135627,Charge fiscale nette en pourcentage du revenu brut de travail. par niveau de salaire,exprime en % du salaire moyen local,OCDE et Quebec,2020
Irlande,Couple avec deux enfants 167%,Couple avec deux enfants,1.67,0.15838073,0.18135627,Charge fiscale nette en pourcentage du revenu brut de travail. par niveau de salaire,exprime en % du salaire moyen local,OCDE et Quebec,2020
Israel,Couple avec deux enfants 167%,Couple avec deux enfants,1.67,0.11575478,0.18135627,Charge fiscale nette en pourcentage du revenu brut de travail. par niveau de salaire,exprime en % du salaire moyen local,OCDE et Quebec,2020
Italie,Couple avec deux enfants 167%,Couple avec deux enfants,1.67,0.21109367,0.18135627,Charge fiscale nette en pourcentage du revenu brut de travail. par niveau de salaire,exprime en % du salaire moyen local,OCDE et Quebec,2020
Japon,Couple avec deux enfants 167%,Couple avec deux enfants,1.67,0.18877065,0.18135627,Charge fiscale nette en pourcentage du revenu brut de travail. par niveau de salaire,exprime en % du salaire moyen local,OCDE et Quebec,2020
Coree,Couple avec deux enfants 167%,Couple avec deux enfants,1.67,0.10608185,0.18135627,Charge fiscale nette en pourcentage du revenu brut de travail. par niveau de salaire,exprime en % du salaire moyen local,OCDE et Quebec,2020
Lettonie,Couple avec deux enfants 167%,Couple avec deux enfants,1.67,0.17902749,0.18135627,Charge fiscale nette en pourcentage du revenu brut de travail. par niveau de salaire,exprime en % du salaire moyen local,OCDE et Quebec,2020
Lituanie,Couple avec deux enfants 167%,Couple avec deux enfants,1.67,0.28152604,0.18135627,Charge fiscale nette en pourcentage du revenu brut de travail. par niveau de salaire,exprime en % du salaire moyen local,OCDE et Quebec,2020
Luxembourg,Couple avec deux enfants 167%,Couple avec deux enfants,1.67,0.15219071,0.18135627,Charge fiscale nette en pourcentage du revenu brut de travail. par niveau de salaire,exprime en % du salaire moyen local,OCDE et Quebec,2020
Mexique,Couple avec deux enfants 167%,Couple avec deux enfants,1.67,0.08447891,0.18135627,Charge fiscale nette en pourcentage du revenu brut de travail. par niveau de salaire,exprime en % du salaire moyen local,OCDE et Quebec,2020
Pays-Bas,Couple avec deux enfants 167%,Couple avec deux enfants,1.67,0.19855945,0.18135627,Charge fiscale nette en pourcentage du revenu brut de travail. par niveau de salaire,exprime en % du salaire moyen local,OCDE et Quebec,2020
Nouvelle-Zelande,Couple avec deux enfants 167%,Couple avec deux enfants,1.67,0.1755484,0.18135627,Charge fiscale nette en pourcentage du revenu brut de travail. par niveau de salaire,exprime en % du salaire moyen local,OCDE et Quebec,2020
Norvege,Couple avec deux enfants 167%,Couple avec deux enfants,1.67,0.23671488,0.18135627,Charge fiscale nette en pourcentage du revenu brut de travail. par niveau de salaire,exprime en % du salaire moyen local,OCDE et Quebec,2020
Pologne,Couple avec deux enfants 167%,Couple avec deux enfants,1.67,0.0920027,0.18135627,Charge fiscale nette en pourcentage du revenu brut de travail. par niveau de salaire,exprime en % du salaire moyen local,OCDE et Quebec,2020
Portugal,Couple avec deux enfants 167%,Couple avec deux enfants,1.67,0.21273037,0.18135627,Charge fiscale nette en pourcentage du revenu brut de travail. par niveau de salaire,exprime en % du salaire moyen local,OCDE et Quebec,2020
Republique slovaque,Couple avec deux enfants 167%,Couple avec deux enfants,1.67,0.17055005,0.18135627,Charge fiscale nette en pourcentage du revenu brut de travail. par niveau de salaire,exprime en % du salaire moyen local,OCDE et Quebec,2020
Slovenie,Couple avec deux enfants 167%,Couple avec deux enfants,1.67,0.25144138,0.18135627,Charge fiscale nette en pourcentage du revenu brut de travail. par niveau de salaire,exprime en % du salaire moyen local,OCDE et Quebec,2020
Espagne,Couple avec deux enfants 167%,Couple avec deux enfants,1.67,0.17208163,0.18135627,Charge fiscale nette en pourcentage du revenu brut de travail. par niveau de salaire,exprime en % du salaire moyen local,OCDE et Quebec,2020
Suede,Couple avec deux enfants 167%,Couple avec deux enfants,1.67,0.19440224,0.18135627,Charge fiscale nette en pourcentage du revenu brut de travail. par niveau de salaire,exprime en % du salaire moyen local,OCDE et Quebec,2020
Suisse,Couple avec deux enfants 167%,Couple avec deux enfants,1.67,0.10373808,0.18135627,Charge fiscale nette en pourcentage du revenu brut de travail. par niveau de salaire,exprime en % du salaire moyen local,OCDE et Quebec,2020
Turquie,Couple avec deux enfants 167%,Couple avec deux enfants,1.67,0.26931809,0.18135627,Charge fiscale nette en pourcentage du revenu brut de travail. par niveau de salaire,exprime en % du salaire moyen local,OCDE et Quebec,2020
Royaume-Uni,Couple avec deux enfants 167%,Couple avec deux enfants,1.67,0.18958981,0.18135627,Charge fiscale nette en pourcentage du revenu brut de travail. par niveau de salaire,exprime en % du salaire moyen local,OCDE et Quebec,2020
etats-Unis,Couple avec deux enfants 167%,Couple avec deux enfants,1.67,0.14729625,0.18135627,Charge fiscale nette en pourcentage du revenu brut de travail. par niveau de salaire,exprime en % du salaire moyen local,OCDE et Quebec,2020
Quebec,Couple avec deux enfants 167%,Couple avec deux enfants,1.67,0.143092624,0.18135627,Charge fiscale nette en pourcentage du revenu brut de travail. par niveau de salaire,exprime en % du salaire moyen local,OCDE et Quebec,2020
Terre-Neuve-et-Labrador,Couple avec deux enfants 167%,Couple avec deux enfants,1.67,0.181217465,0.18135627,Charge fiscale nette en pourcentage du revenu brut de travail. par niveau de salaire,exprime en % du salaire moyen local,OCDE et Quebec,2020
ele-du-Prince-edouard,Couple avec deux enfants 167%,Couple avec deux enfants,1.67,0.151350831,0.18135627,Charge fiscale nette en pourcentage du revenu brut de travail. par niveau de salaire,exprime en % du salaire moyen local,OCDE et Quebec,2020
Nouvelle-ecosse,Couple avec deux enfants 167%,Couple avec deux enfants,1.67,0.158640682,0.18135627,Charge fiscale nette en pourcentage du revenu brut de travail. par niveau de salaire,exprime en % du salaire moyen local,OCDE et Quebec,2020
Nouveau-Brunswick,Couple avec deux enfants 167%,Couple avec deux enfants,1.67,0.158390149,0.18135627,Charge fiscale nette en pourcentage du revenu brut de travail. par niveau de salaire,exprime en % du salaire moyen local,OCDE et Quebec,2020
Ontario,Couple avec deux enfants 167%,Couple avec deux enfants,1.67,0.152668978,0.18135627,Charge fiscale nette en pourcentage du revenu brut de travail. par niveau de salaire,exprime en % du salaire moyen local,OCDE et Quebec,2020
Manitoba,Couple avec deux enfants 167%,Couple avec deux enfants,1.67,0.154667412,0.18135627,Charge fiscale nette en pourcentage du revenu brut de travail. par niveau de salaire,exprime en % du salaire moyen local,OCDE et Quebec,2020
Saskatchewan,Couple avec deux enfants 167%,Couple avec deux enfants,1.67,0.145947514,0.18135627,Charge fiscale nette en pourcentage du revenu brut de travail. par niveau de salaire,exprime en % du salaire moyen local,OCDE et Quebec,2020
Alberta,Couple avec deux enfants 167%,Couple avec deux enfants,1.67,0.167185502,0.18135627,Charge fiscale nette en pourcentage du revenu brut de travail. par niveau de salaire,exprime en % du salaire moyen local,OCDE et Quebec,2020
Colombie-Britannique,Couple avec deux enfants 167%,Couple avec deux enfants,1.67,0.133395796,0.18135627,Charge fiscale nette en pourcentage du revenu brut de travail. par niveau de salaire,exprime en % du salaire moyen local,OCDE et Quebec,2020
Provinces sans Qc,Couple avec deux enfants 167%,Couple avec deux enfants,1.67,0.155940481,0.18135627,Charge fiscale nette en pourcentage du revenu brut de travail. par niveau de salaire,exprime en % du salaire moyen local,OCDE et Quebec,2020
Moyenne OCDE,Couple avec deux enfants 167%,Couple avec deux enfants,1.67,0.18135627,0.18135627,Charge fiscale nette en pourcentage du revenu brut de travail. par niveau de salaire,exprime en % du salaire moyen local,OCDE et Quebec,2020
,,,,,,,,,
Australie,Couple avec deux enfants 200%,Couple avec deux enfants,2,0.2407922,0.20915909,Charge fiscale nette en pourcentage du revenu brut de travail. par niveau de salaire,exprime en % du salaire moyen local,OCDE et Quebec,2020
Autriche,Couple avec deux enfants 200%,Couple avec deux enfants,2,0.23437033,0.20915909,Charge fiscale nette en pourcentage du revenu brut de travail. par niveau de salaire,exprime en % du salaire moyen local,OCDE et Quebec,2020
Belgique,Couple avec deux enfants 200%,Couple avec deux enfants,2,0.32740229,0.20915909,Charge fiscale nette en pourcentage du revenu brut de travail. par niveau de salaire,exprime en % du salaire moyen local,OCDE et Quebec,2020
Canada,Couple avec deux enfants 200%,Couple avec deux enfants,2,0.1916318,0.20915909,Charge fiscale nette en pourcentage du revenu brut de travail. par niveau de salaire,exprime en % du salaire moyen local,OCDE et Quebec,2020
Chili,Couple avec deux enfants 200%,Couple avec deux enfants,2,0.07,0.20915909,Charge fiscale nette en pourcentage du revenu brut de travail. par niveau de salaire,exprime en % du salaire moyen local,OCDE et Quebec,2020
Colombie,Couple avec deux enfants 200%,Couple avec deux enfants,2,-0.05361594,0.20915909,Charge fiscale nette en pourcentage du revenu brut de travail. par niveau de salaire,exprime en % du salaire moyen local,OCDE et Quebec,2020
Republique tcheque,Couple avec deux enfants 200%,Couple avec deux enfants,2,0.1606383,0.20915909,Charge fiscale nette en pourcentage du revenu brut de travail. par niveau de salaire,exprime en % du salaire moyen local,OCDE et Quebec,2020
Danemark,Couple avec deux enfants 200%,Couple avec deux enfants,2,0.32227485,0.20915909,Charge fiscale nette en pourcentage du revenu brut de travail. par niveau de salaire,exprime en % du salaire moyen local,OCDE et Quebec,2020
Estonie,Couple avec deux enfants 200%,Couple avec deux enfants,2,0.10122312,0.20915909,Charge fiscale nette en pourcentage du revenu brut de travail. par niveau de salaire,exprime en % du salaire moyen local,OCDE et Quebec,2020
Finlande,Couple avec deux enfants 200%,Couple avec deux enfants,2,0.27539098,0.20915909,Charge fiscale nette en pourcentage du revenu brut de travail. par niveau de salaire,exprime en % du salaire moyen local,OCDE et Quebec,2020
France,Couple avec deux enfants 200%,Couple avec deux enfants,2,0.23158806,0.20915909,Charge fiscale nette en pourcentage du revenu brut de travail. par niveau de salaire,exprime en % du salaire moyen local,OCDE et Quebec,2020
Allemagne,Couple avec deux enfants 200%,Couple avec deux enfants,2,0.33198443,0.20915909,Charge fiscale nette en pourcentage du revenu brut de travail. par niveau de salaire,exprime en % du salaire moyen local,OCDE et Quebec,2020
Grece,Couple avec deux enfants 200%,Couple avec deux enfants,2,0.26014151,0.20915909,Charge fiscale nette en pourcentage du revenu brut de travail. par niveau de salaire,exprime en % du salaire moyen local,OCDE et Quebec,2020
Hongrie,Couple avec deux enfants 200%,Couple avec deux enfants,2,0.25526602,0.20915909,Charge fiscale nette en pourcentage du revenu brut de travail. par niveau de salaire,exprime en % du salaire moyen local,OCDE et Quebec,2020
Islande,Couple avec deux enfants 200%,Couple avec deux enfants,2,0.27676876,0.20915909,Charge fiscale nette en pourcentage du revenu brut de travail. par niveau de salaire,exprime en % du salaire moyen local,OCDE et Quebec,2020
Irlande,Couple avec deux enfants 200%,Couple avec deux enfants,2,0.21227291,0.20915909,Charge fiscale nette en pourcentage du revenu brut de travail. par niveau de salaire,exprime en % du salaire moyen local,OCDE et Quebec,2020
Israel,Couple avec deux enfants 200%,Couple avec deux enfants,2,0.14624508,0.20915909,Charge fiscale nette en pourcentage du revenu brut de travail. par niveau de salaire,exprime en % du salaire moyen local,OCDE et Quebec,2020
Italie,Couple avec deux enfants 200%,Couple avec deux enfants,2,0.25561005,0.20915909,Charge fiscale nette en pourcentage du revenu brut de travail. par niveau de salaire,exprime en % du salaire moyen local,OCDE et Quebec,2020
Japon,Couple avec deux enfants 200%,Couple avec deux enfants,2,0.2002233,0.20915909,Charge fiscale nette en pourcentage du revenu brut de travail. par niveau de salaire,exprime en % du salaire moyen local,OCDE et Quebec,2020
Coree,Couple avec deux enfants 200%,Couple avec deux enfants,2,0.12522645,0.20915909,Charge fiscale nette en pourcentage du revenu brut de travail. par niveau de salaire,exprime en % du salaire moyen local,OCDE et Quebec,2020
Lettonie,Couple avec deux enfants 200%,Couple avec deux enfants,2,0.21115081,0.20915909,Charge fiscale nette en pourcentage du revenu brut de travail. par niveau de salaire,exprime en % du salaire moyen local,OCDE et Quebec,2020
Lituanie,Couple avec deux enfants 200%,Couple avec deux enfants,2,0.30651924,0.20915909,Charge fiscale nette en pourcentage du revenu brut de travail. par niveau de salaire,exprime en % du salaire moyen local,OCDE et Quebec,2020
Luxembourg,Couple avec deux enfants 200%,Couple avec deux enfants,2,0.2077114,0.20915909,Charge fiscale nette en pourcentage du revenu brut de travail. par niveau de salaire,exprime en % du salaire moyen local,OCDE et Quebec,2020
Mexique,Couple avec deux enfants 200%,Couple avec deux enfants,2,0.10796305,0.20915909,Charge fiscale nette en pourcentage du revenu brut de travail. par niveau de salaire,exprime en % du salaire moyen local,OCDE et Quebec,2020
Pays-Bas,Couple avec deux enfants 200%,Couple avec deux enfants,2,0.24134494,0.20915909,Charge fiscale nette en pourcentage du revenu brut de travail. par niveau de salaire,exprime en % du salaire moyen local,OCDE et Quebec,2020
Nouvelle-Zelande,Couple avec deux enfants 200%,Couple avec deux enfants,2,0.19119252,0.20915909,Charge fiscale nette en pourcentage du revenu brut de travail. par niveau de salaire,exprime en % du salaire moyen local,OCDE et Quebec,2020
Norvege,Couple avec deux enfants 200%,Couple avec deux enfants,2,0.25441692,0.20915909,Charge fiscale nette en pourcentage du revenu brut de travail. par niveau de salaire,exprime en % du salaire moyen local,OCDE et Quebec,2020
Pologne,Couple avec deux enfants 200%,Couple avec deux enfants,2,0.11940493,0.20915909,Charge fiscale nette en pourcentage du revenu brut de travail. par niveau de salaire,exprime en % du salaire moyen local,OCDE et Quebec,2020
Portugal,Couple avec deux enfants 200%,Couple avec deux enfants,2,0.24280486,0.20915909,Charge fiscale nette en pourcentage du revenu brut de travail. par niveau de salaire,exprime en % du salaire moyen local,OCDE et Quebec,2020
Republique slovaque,Couple avec deux enfants 200%,Couple avec deux enfants,2,0.19166839,0.20915909,Charge fiscale nette en pourcentage du revenu brut de travail. par niveau de salaire,exprime en % du salaire moyen local,OCDE et Quebec,2020
Slovenie,Couple avec deux enfants 200%,Couple avec deux enfants,2,0.28725643,0.20915909,Charge fiscale nette en pourcentage du revenu brut de travail. par niveau de salaire,exprime en % du salaire moyen local,OCDE et Quebec,2020
Espagne,Couple avec deux enfants 200%,Couple avec deux enfants,2,0.19384956,0.20915909,Charge fiscale nette en pourcentage du revenu brut de travail. par niveau de salaire,exprime en % du salaire moyen local,OCDE et Quebec,2020
Suede,Couple avec deux enfants 200%,Couple avec deux enfants,2,0.21246684,0.20915909,Charge fiscale nette en pourcentage du revenu brut de travail. par niveau de salaire,exprime en % du salaire moyen local,OCDE et Quebec,2020
Suisse,Couple avec deux enfants 200%,Couple avec deux enfants,2,0.12968838,0.20915909,Charge fiscale nette en pourcentage du revenu brut de travail. par niveau de salaire,exprime en % du salaire moyen local,OCDE et Quebec,2020
Turquie,Couple avec deux enfants 200%,Couple avec deux enfants,2,0.28574012,0.20915909,Charge fiscale nette en pourcentage du revenu brut de travail. par niveau de salaire,exprime en % du salaire moyen local,OCDE et Quebec,2020
Royaume-Uni,Couple avec deux enfants 200%,Couple avec deux enfants,2,0.21110749,0.20915909,Charge fiscale nette en pourcentage du revenu brut de travail. par niveau de salaire,exprime en % du salaire moyen local,OCDE et Quebec,2020
etats-Unis,Couple avec deux enfants 200%,Couple avec deux enfants,2,0.17916608,0.20915909,Charge fiscale nette en pourcentage du revenu brut de travail. par niveau de salaire,exprime en % du salaire moyen local,OCDE et Quebec,2020
Quebec,Couple avec deux enfants 200%,Couple avec deux enfants,2,0.197667847,0.20915909,Charge fiscale nette en pourcentage du revenu brut de travail. par niveau de salaire,exprime en % du salaire moyen local,OCDE et Quebec,2020
Terre-Neuve-et-Labrador,Couple avec deux enfants 200%,Couple avec deux enfants,2,0.22172732,0.20915909,Charge fiscale nette en pourcentage du revenu brut de travail. par niveau de salaire,exprime en % du salaire moyen local,OCDE et Quebec,2020
ele-du-Prince-edouard,Couple avec deux enfants 200%,Couple avec deux enfants,2,0.192073159,0.20915909,Charge fiscale nette en pourcentage du revenu brut de travail. par niveau de salaire,exprime en % du salaire moyen local,OCDE et Quebec,2020
Nouvelle-ecosse,Couple avec deux enfants 200%,Couple avec deux enfants,2,0.201676096,0.20915909,Charge fiscale nette en pourcentage du revenu brut de travail. par niveau de salaire,exprime en % du salaire moyen local,OCDE et Quebec,2020
Nouveau-Brunswick,Couple avec deux enfants 200%,Couple avec deux enfants,2,0.197198148,0.20915909,Charge fiscale nette en pourcentage du revenu brut de travail. par niveau de salaire,exprime en % du salaire moyen local,OCDE et Quebec,2020
Ontario,Couple avec deux enfants 200%,Couple avec deux enfants,2,0.189265653,0.20915909,Charge fiscale nette en pourcentage du revenu brut de travail. par niveau de salaire,exprime en % du salaire moyen local,OCDE et Quebec,2020
Manitoba,Couple avec deux enfants 200%,Couple avec deux enfants,2,0.194347283,0.20915909,Charge fiscale nette en pourcentage du revenu brut de travail. par niveau de salaire,exprime en % du salaire moyen local,OCDE et Quebec,2020
Saskatchewan,Couple avec deux enfants 200%,Couple avec deux enfants,2,0.187492311,0.20915909,Charge fiscale nette en pourcentage du revenu brut de travail. par niveau de salaire,exprime en % du salaire moyen local,OCDE et Quebec,2020
Alberta,Couple avec deux enfants 200%,Couple avec deux enfants,2,0.202762088,0.20915909,Charge fiscale nette en pourcentage du revenu brut de travail. par niveau de salaire,exprime en % du salaire moyen local,OCDE et Quebec,2020
Colombie-Britannique,Couple avec deux enfants 200%,Couple avec deux enfants,2,0.176399224,0.20915909,Charge fiscale nette en pourcentage du revenu brut de travail. par niveau de salaire,exprime en % du salaire moyen local,OCDE et Quebec,2020
Provinces sans Qc,Couple avec deux enfants 200%,Couple avec deux enfants,2,0.195882365,0.20915909,Charge fiscale nette en pourcentage du revenu brut de travail. par niveau de salaire,exprime en % du salaire moyen local,OCDE et Quebec,2020
Moyenne OCDE,Couple avec deux enfants 200%,Couple avec deux enfants,2,0.20915909,0.20915909,Charge fiscale nette en pourcentage du revenu brut de travail. par niveau de salaire,exprime en % du salaire moyen local,OCDE et Quebec,2020
Australie,Couple sans enfant 167%,Couple sans enfant,1.67,0.21920232,0.22955019,Charge fiscale nette en pourcentage du revenu brut de travail. par niveau de salaire,exprime en % du salaire moyen local,OCDE et Quebec,2020
Autriche,Couple sans enfant 167%,Couple sans enfant,1.67,0.30204668,0.22955019,Charge fiscale nette en pourcentage du revenu brut de travail. par niveau de salaire,exprime en % du salaire moyen local,OCDE et Quebec,2020
Belgique,Couple sans enfant 167%,Couple sans enfant,1.67,0.35131383,0.22955019,Charge fiscale nette en pourcentage du revenu brut de travail. par niveau de salaire,exprime en % du salaire moyen local,OCDE et Quebec,2020
Canada,Couple sans enfant 167%,Couple sans enfant,1.67,0.21594731,0.22955019,Charge fiscale nette en pourcentage du revenu brut de travail. par niveau de salaire,exprime en % du salaire moyen local,OCDE et Quebec,2020
Chili,Couple sans enfant 167%,Couple sans enfant,1.67,0.07019425,0.22955019,Charge fiscale nette en pourcentage du revenu brut de travail. par niveau de salaire,exprime en % du salaire moyen local,OCDE et Quebec,2020
Colombie,Couple sans enfant 167%,Couple sans enfant,1.67,0,0.22955019,Charge fiscale nette en pourcentage du revenu brut de travail. par niveau de salaire,exprime en % du salaire moyen local,OCDE et Quebec,2020
Republique tcheque,Couple sans enfant 167%,Couple sans enfant,1.67,0.2367468,0.22955019,Charge fiscale nette en pourcentage du revenu brut de travail. par niveau de salaire,exprime en % du salaire moyen local,OCDE et Quebec,2020
Danemark,Couple sans enfant 167%,Couple sans enfant,1.67,0.34105249,0.22955019,Charge fiscale nette en pourcentage du revenu brut de travail. par niveau de salaire,exprime en % du salaire moyen local,OCDE et Quebec,2020
Estonie,Couple sans enfant 167%,Couple sans enfant,1.67,0.13536243,0.22955019,Charge fiscale nette en pourcentage du revenu brut de travail. par niveau de salaire,exprime en % du salaire moyen local,OCDE et Quebec,2020
Finlande,Couple sans enfant 167%,Couple sans enfant,1.67,0.27020352,0.22955019,Charge fiscale nette en pourcentage du revenu brut de travail. par niveau de salaire,exprime en % du salaire moyen local,OCDE et Quebec,2020
France,Couple sans enfant 167%,Couple sans enfant,1.67,0.25480114,0.22955019,Charge fiscale nette en pourcentage du revenu brut de travail. par niveau de salaire,exprime en % du salaire moyen local,OCDE et Quebec,2020
Allemagne,Couple sans enfant 167%,Couple sans enfant,1.67,0.36677461,0.22955019,Charge fiscale nette en pourcentage du revenu brut de travail. par niveau de salaire,exprime en % du salaire moyen local,OCDE et Quebec,2020
Grece,Couple sans enfant 167%,Couple sans enfant,1.67,0.24349782,0.22955019,Charge fiscale nette en pourcentage du revenu brut de travail. par niveau de salaire,exprime en % du salaire moyen local,OCDE et Quebec,2020
Hongrie,Couple sans enfant 167%,Couple sans enfant,1.67,0.335,0.22955019,Charge fiscale nette en pourcentage du revenu brut de travail. par niveau de salaire,exprime en % du salaire moyen local,OCDE et Quebec,2020
Islande,Couple sans enfant 167%,Couple sans enfant,1.67,0.26479528,0.22955019,Charge fiscale nette en pourcentage du revenu brut de travail. par niveau de salaire,exprime en % du salaire moyen local,OCDE et Quebec,2020
Irlande,Couple sans enfant 167%,Couple sans enfant,1.67,0.20147752,0.22955019,Charge fiscale nette en pourcentage du revenu brut de travail. par niveau de salaire,exprime en % du salaire moyen local,OCDE et Quebec,2020
Israel,Couple sans enfant 167%,Couple sans enfant,1.67,0.14852803,0.22955019,Charge fiscale nette en pourcentage du revenu brut de travail. par niveau de salaire,exprime en % du salaire moyen local,OCDE et Quebec,2020
Italie,Couple sans enfant 167%,Couple sans enfant,1.67,0.25809516,0.22955019,Charge fiscale nette en pourcentage du revenu brut de travail. par niveau de salaire,exprime en % du salaire moyen local,OCDE et Quebec,2020
Japon,Couple sans enfant 167%,Couple sans enfant,1.67,0.21648667,0.22955019,Charge fiscale nette en pourcentage du revenu brut de travail. par niveau de salaire,exprime en % du salaire moyen local,OCDE et Quebec,2020
Coree,Couple sans enfant 167%,Couple sans enfant,1.67,0.13548829,0.22955019,Charge fiscale nette en pourcentage du revenu brut de travail. par niveau de salaire,exprime en % du salaire moyen local,OCDE et Quebec,2020
Lettonie,Couple sans enfant 167%,Couple sans enfant,1.67,0.25923847,0.22955019,Charge fiscale nette en pourcentage du revenu brut de travail. par niveau de salaire,exprime en % du salaire moyen local,OCDE et Quebec,2020
Lituanie,Couple sans enfant 167%,Couple sans enfant,1.67,0.34282397,0.22955019,Charge fiscale nette en pourcentage du revenu brut de travail. par niveau de salaire,exprime en % du salaire moyen local,OCDE et Quebec,2020
Luxembourg,Couple sans enfant 167%,Couple sans enfant,1.67,0.23074248,0.22955019,Charge fiscale nette en pourcentage du revenu brut de travail. par niveau de salaire,exprime en % du salaire moyen local,OCDE et Quebec,2020
Mexique,Couple sans enfant 167%,Couple sans enfant,1.67,0.08447891,0.22955019,Charge fiscale nette en pourcentage du revenu brut de travail. par niveau de salaire,exprime en % du salaire moyen local,OCDE et Quebec,2020
Pays-Bas,Couple sans enfant 167%,Couple sans enfant,1.67,0.25354506,0.22955019,Charge fiscale nette en pourcentage du revenu brut de travail. par niveau de salaire,exprime en % du salaire moyen local,OCDE et Quebec,2020
Nouvelle-Zelande,Couple sans enfant 167%,Couple sans enfant,1.67,0.1706945,0.22955019,Charge fiscale nette en pourcentage du revenu brut de travail. par niveau de salaire,exprime en % du salaire moyen local,OCDE et Quebec,2020
Norvege,Couple sans enfant 167%,Couple sans enfant,1.67,0.26085903,0.22955019,Charge fiscale nette en pourcentage du revenu brut de travail. par niveau de salaire,exprime en % du salaire moyen local,OCDE et Quebec,2020
Pologne,Couple sans enfant 167%,Couple sans enfant,1.67,0.23772602,0.22955019,Charge fiscale nette en pourcentage du revenu brut de travail. par niveau de salaire,exprime en % du salaire moyen local,OCDE et Quebec,2020
Portugal,Couple sans enfant 167%,Couple sans enfant,1.67,0.24962183,0.22955019,Charge fiscale nette en pourcentage du revenu brut de travail. par niveau de salaire,exprime en % du salaire moyen local,OCDE et Quebec,2020
Republique slovaque,Couple sans enfant 167%,Couple sans enfant,1.67,0.22244868,0.22955019,Charge fiscale nette en pourcentage du revenu brut de travail. par niveau de salaire,exprime en % du salaire moyen local,OCDE et Quebec,2020
Slovenie,Couple sans enfant 167%,Couple sans enfant,1.67,0.32426873,0.22955019,Charge fiscale nette en pourcentage du revenu brut de travail. par niveau de salaire,exprime en % du salaire moyen local,OCDE et Quebec,2020
Espagne,Couple sans enfant 167%,Couple sans enfant,1.67,0.19305754,0.22955019,Charge fiscale nette en pourcentage du revenu brut de travail. par niveau de salaire,exprime en % du salaire moyen local,OCDE et Quebec,2020
Suede,Couple sans enfant 167%,Couple sans enfant,1.67,0.23528518,0.22955019,Charge fiscale nette en pourcentage du revenu brut de travail. par niveau de salaire,exprime en % du salaire moyen local,OCDE et Quebec,2020
Suisse,Couple sans enfant 167%,Couple sans enfant,1.67,0.168825,0.22955019,Charge fiscale nette en pourcentage du revenu brut de travail. par niveau de salaire,exprime en % du salaire moyen local,OCDE et Quebec,2020
Turquie,Couple sans enfant 167%,Couple sans enfant,1.67,0.27568341,0.22955019,Charge fiscale nette en pourcentage du revenu brut de travail. par niveau de salaire,exprime en % du salaire moyen local,OCDE et Quebec,2020
Royaume-Uni,Couple sans enfant 167%,Couple sans enfant,1.67,0.21572914,0.22955019,Charge fiscale nette en pourcentage du revenu brut de travail. par niveau de salaire,exprime en % du salaire moyen local,OCDE et Quebec,2020
etats-Unis,Couple sans enfant 167%,Couple sans enfant,1.67,0.2013149,0.22955019,Charge fiscale nette en pourcentage du revenu brut de travail. par niveau de salaire,exprime en % du salaire moyen local,OCDE et Quebec,2020
Quebec,Couple sans enfant 167%,Couple sans enfant,1.67,0.247817966,0.22955019,Charge fiscale nette en pourcentage du revenu brut de travail. par niveau de salaire,exprime en % du salaire moyen local,OCDE et Quebec,2020
Terre-Neuve-et-Labrador,Couple sans enfant 167%,Couple sans enfant,1.67,0.239848213,0.22955019,Charge fiscale nette en pourcentage du revenu brut de travail. par niveau de salaire,exprime en % du salaire moyen local,OCDE et Quebec,2020
ele-du-Prince-edouard,Couple sans enfant 167%,Couple sans enfant,1.67,0.228644007,0.22955019,Charge fiscale nette en pourcentage du revenu brut de travail. par niveau de salaire,exprime en % du salaire moyen local,OCDE et Quebec,2020
Nouvelle-ecosse,Couple sans enfant 167%,Couple sans enfant,1.67,0.232725641,0.22955019,Charge fiscale nette en pourcentage du revenu brut de travail. par niveau de salaire,exprime en % du salaire moyen local,OCDE et Quebec,2020
Nouveau-Brunswick,Couple sans enfant 167%,Couple sans enfant,1.67,0.228989978,0.22955019,Charge fiscale nette en pourcentage du revenu brut de travail. par niveau de salaire,exprime en % du salaire moyen local,OCDE et Quebec,2020
Ontario,Couple sans enfant 167%,Couple sans enfant,1.67,0.213781155,0.22955019,Charge fiscale nette en pourcentage du revenu brut de travail. par niveau de salaire,exprime en % du salaire moyen local,OCDE et Quebec,2020
Manitoba,Couple sans enfant 167%,Couple sans enfant,1.67,0.231037238,0.22955019,Charge fiscale nette en pourcentage du revenu brut de travail. par niveau de salaire,exprime en % du salaire moyen local,OCDE et Quebec,2020
Saskatchewan,Couple sans enfant 167%,Couple sans enfant,1.67,0.221062394,0.22955019,Charge fiscale nette en pourcentage du revenu brut de travail. par niveau de salaire,exprime en % du salaire moyen local,OCDE et Quebec,2020
Alberta,Couple sans enfant 167%,Couple sans enfant,1.67,0.218055962,0.22955019,Charge fiscale nette en pourcentage du revenu brut de travail. par niveau de salaire,exprime en % du salaire moyen local,OCDE et Quebec,2020
Colombie-Britannique,Couple sans enfant 167%,Couple sans enfant,1.67,0.202630094,0.22955019,Charge fiscale nette en pourcentage du revenu brut de travail. par niveau de salaire,exprime en % du salaire moyen local,OCDE et Quebec,2020
Provinces sans Qc,Couple sans enfant 167%,Couple sans enfant,1.67,0.224086076,0.22955019,Charge fiscale nette en pourcentage du revenu brut de travail. par niveau de salaire,exprime en % du salaire moyen local,OCDE et Quebec,2020
Moyenne OCDE,Couple sans enfant 167%,Couple sans enfant,1.67,0.22955019,0.22955019,Charge fiscale nette en pourcentage du revenu brut de travail. par niveau de salaire,exprime en % du salaire moyen local,OCDE et Quebec,2020
