État;Année réelle;Année;Comparaison;Indicateur;Valeur;Moyenne OCDE;Québec;Canada;Measure;Note;;;;;;;;;;;;;;
Allemagne;2020;2020;internationale;Poids de fiscalité (Taux de pression fiscale);0.383;0.335;0.388;0.35;pourcentage du PIB;;;;;;;;;;;;;;;
Australie;2019;2020;internationale;Poids de fiscalité (Taux de pression fiscale);0.277;0.335;0.388;0.35;pourcentage du PIB;;;;;;;;;;;;;;;
Autriche;2020;2020;internationale;Poids de fiscalité (Taux de pression fiscale);0.421;0.335;0.388;0.35;pourcentage du PIB;;;;;;;;;;;;;;;
Belgique;2020;2020;internationale;Poids de fiscalité (Taux de pression fiscale);0.431;0.335;0.388;0.35;pourcentage du PIB;;;;;;;;;;;;;;;
Canada;2020;2020;internationale;Poids de fiscalité (Taux de pression fiscale);0.345;0.335;0.388;0.35;pourcentage du PIB;;;;;;;;;;;;;;;
Chili;2020;2020;internationale;Poids de fiscalité (Taux de pression fiscale);0.193;0.335;0.388;0.35;pourcentage du PIB;;;;;;;;;;;;;;;
Colombie;2020;2020;internationale;Poids de fiscalité (Taux de pression fiscale);0.187;0.335;0.388;0.35;pourcentage du PIB;;;;;;;;;;;;;;;
Corée;2020;2020;internationale;Poids de fiscalité (Taux de pression fiscale);0.28;0.335;0.388;0.35;pourcentage du PIB;;;;;;;;;;;;;;;
Costa Rica;2020;2020;internationale;Poids de fiscalité (Taux de pression fiscale);0.229;0.335;0.388;0.35;pourcentage du PIB;;;;;;;;;;;;;;;
Danemark;2020;2020;internationale;Poids de fiscalité (Taux de pression fiscale);0.465;0.335;0.388;0.35;pourcentage du PIB;;;;;;;;;;;;;;;
Espagne;2020;2020;internationale;Poids de fiscalité (Taux de pression fiscale);0.366;0.335;0.388;0.35;pourcentage du PIB;;;;;;;;;;;;;;;
Estonie;2020;2020;internationale;Poids de fiscalité (Taux de pression fiscale);0.345;0.335;0.388;0.35;pourcentage du PIB;;;;;;;;;;;;;;;
États-Unis;2020;2020;internationale;Poids de fiscalité (Taux de pression fiscale);0.255;0.335;0.388;0.35;pourcentage du PIB;;;;;;;;;;;;;;;
Finlande;2020;2020;internationale;Poids de fiscalité (Taux de pression fiscale);0.419;0.335;0.388;0.35;pourcentage du PIB;;;;;;;;;;;;;;;
France;2020;2020;internationale;Poids de fiscalité (Taux de pression fiscale);0.454;0.335;0.388;0.35;pourcentage du PIB;;;;;;;;;;;;;;;
Grèce;2020;2020;internationale;Poids de fiscalité (Taux de pression fiscale);0.388;0.335;0.388;0.35;pourcentage du PIB;;;;;;;;;;;;;;;
Hongrie;2020;2020;internationale;Poids de fiscalité (Taux de pression fiscale);0.357;0.335;0.388;0.35;pourcentage du PIB;;;;;;;;;;;;;;;
Irlande;2020;2020;internationale;Poids de fiscalité (Taux de pression fiscale);0.202;0.335;0.388;0.35;pourcentage du PIB;;;;;;;;;;;;;;;
Islande;2020;2020;internationale;Poids de fiscalité (Taux de pression fiscale);0.361;0.335;0.388;0.35;pourcentage du PIB;;;;;;;;;;;;;;;
Israël;2020;2020;internationale;Poids de fiscalité (Taux de pression fiscale);0.297;0.335;0.388;0.35;pourcentage du PIB;;;;;;;;;;;;;;;
Italie;2020;2020;internationale;Poids de fiscalité (Taux de pression fiscale);0.429;0.335;0.388;0.35;pourcentage du PIB;;;;;;;;;;;;;;;
Japon;2019;2020;internationale;Poids de fiscalité (Taux de pression fiscale);0.314;0.335;0.388;0.35;pourcentage du PIB;;;;;;;;;;;;;;;
Lettonie;2020;2020;internationale;Poids de fiscalité (Taux de pression fiscale);0.319;0.335;0.388;0.35;pourcentage du PIB;;;;;;;;;;;;;;;
Lituanie;2020;2020;internationale;Poids de fiscalité (Taux de pression fiscale);0.313;0.335;0.388;0.35;pourcentage du PIB;;;;;;;;;;;;;;;
Luxembourg;2020;2020;internationale;Poids de fiscalité (Taux de pression fiscale);0.383;0.335;0.388;0.35;pourcentage du PIB;;;;;;;;;;;;;;;
Mexique;2020;2020;internationale;Poids de fiscalité (Taux de pression fiscale);0.179;0.335;0.388;0.35;pourcentage du PIB;;;;;;;;;;;;;;;
Norvège;2020;2020;internationale;Poids de fiscalité (Taux de pression fiscale);0.386;0.335;0.388;0.35;pourcentage du PIB;;;;;;;;;;;;;;;
Nouvelle-Zélande;2020;2020;internationale;Poids de fiscalité (Taux de pression fiscale);0.322;0.335;0.388;0.35;pourcentage du PIB;;;;;;;;;;;;;;;
Pays-Bas;2020;2020;internationale;Poids de fiscalité (Taux de pression fiscale);0.397;0.335;0.388;0.35;pourcentage du PIB;;;;;;;;;;;;;;;
Pologne;2020;2020;internationale;Poids de fiscalité (Taux de pression fiscale);0.36;0.335;0.388;0.35;pourcentage du PIB;;;;;;;;;;;;;;;
Portugal;2020;2020;internationale;Poids de fiscalité (Taux de pression fiscale);0.348;0.335;0.388;0.35;pourcentage du PIB;;;;;;;;;;;;;;;
République slovaque;2020;2020;internationale;Poids de fiscalité (Taux de pression fiscale);0.348;0.335;0.388;0.35;pourcentage du PIB;;;;;;;;;;;;;;;
République tchèque;2020;2020;internationale;Poids de fiscalité (Taux de pression fiscale);0.344;0.335;0.388;0.35;pourcentage du PIB;;;;;;;;;;;;;;;
Royaume-Uni;2020;2020;internationale;Poids de fiscalité (Taux de pression fiscale);0.328;0.335;0.388;0.35;pourcentage du PIB;;;;;;;;;;;;;;;
Slovénie;2020;2020;internationale;Poids de fiscalité (Taux de pression fiscale);0.369;0.335;0.388;0.35;pourcentage du PIB;;;;;;;;;;;;;;;
Suède;2020;2020;internationale;Poids de fiscalité (Taux de pression fiscale);0.426;0.335;0.388;0.35;pourcentage du PIB;;;;;;;;;;;;;;;
Suisse;2020;2020;internationale;Poids de fiscalité (Taux de pression fiscale);0.276;0.335;0.388;0.35;pourcentage du PIB;;;;;;;;;;;;;;;
Turquie;2020;2020;internationale;Poids de fiscalité (Taux de pression fiscale);0.239;0.335;0.388;0.35;pourcentage du PIB;;;;;;;;;;;;;;;
Québec;2020;2020;internationale;Poids de fiscalité (Taux de pression fiscale);0.388;0.335;0.388;0.35;pourcentage du PIB;;;;;;;;;;;;;;;
Canada (sans Québec);2020;2020;internationale;Poids de fiscalité (Taux de pression fiscale);0.334;0.335;0.388;0.35;pourcentage du PIB;;;;;;;;;;;;;;;
Terre-Neuve-et-Labrador;2020;2020;interprovinciale;Poids de fiscalité (Taux de pression fiscale);0.31;;;0.35;pourcentage du PIB;;;;;;;;;;;;;;;
Île-du-Prince-Édouard;2020;2020;interprovinciale;Poids de fiscalité (Taux de pression fiscale);0.334;;;0.35;pourcentage du PIB;;;;;;;;;;;;;;;
Nouvelle-Écosse;2020;2020;interprovinciale;Poids de fiscalité (Taux de pression fiscale);0.353;;;0.35;pourcentage du PIB;;;;;;;;;;;;;;;
Nouveau-Brunswick;2020;2020;interprovinciale;Poids de fiscalité (Taux de pression fiscale);0.336;;;0.35;pourcentage du PIB;;;;;;;;;;;;;;;
Québec;2020;2020;interprovinciale;Poids de fiscalité (Taux de pression fiscale);0.388;;;0.35;pourcentage du PIB;;;;;;;;;;;;;;;
Ontario;2020;2020;interprovinciale;Poids de fiscalité (Taux de pression fiscale);0.357;;;0.35;pourcentage du PIB;;;;;;;;;;;;;;;
Manitoba;2020;2020;interprovinciale;Poids de fiscalité (Taux de pression fiscale);0.322;;;0.35;pourcentage du PIB;;;;;;;;;;;;;;;
Saskatchewan;2020;2020;interprovinciale;Poids de fiscalité (Taux de pression fiscale);0.286;;;0.35;pourcentage du PIB;;;;;;;;;;;;;;;
Alberta;2020;2020;interprovinciale;Poids de fiscalité (Taux de pression fiscale);0.298;;;0.35;pourcentage du PIB;;;;;;;;;;;;;;;
Colombie-Britannique;2020;2020;interprovinciale;Poids de fiscalité (Taux de pression fiscale);0.326;;;0.35;pourcentage du PIB;;;;;;;;;;;;;;;
Allemagne;2020;2020;internationale;Poids des impôts sur le revenu des particuliers;0.104;0.083;0.141;0.13;pourcentage du PIB;;;;;;;;;;;;;;;
Australie;2019;2020;internationale;Poids des impôts sur le revenu des particuliers;0.116;0.083;0.141;0.13;pourcentage du PIB;;;;;;;;;;;;;;;
Autriche;2020;2020;internationale;Poids des impôts sur le revenu des particuliers;0.093;0.083;0.141;0.13;pourcentage du PIB;;;;;;;;;;;;;;;
Belgique;2020;2020;internationale;Poids des impôts sur le revenu des particuliers;0.119;0.083;0.141;0.13;pourcentage du PIB;;;;;;;;;;;;;;;
Canada;2020;2020;internationale;Poids des impôts sur le revenu des particuliers;0.128;0.083;0.141;0.13;pourcentage du PIB;;;;;;;;;;;;;;;
Chili;2020;2020;internationale;Poids des impôts sur le revenu des particuliers;0.02;0.083;0.141;0.13;pourcentage du PIB;;;;;;;;;;;;;;;
Colombie;2020;2020;internationale;Poids des impôts sur le revenu des particuliers;0.013;0.083;0.141;0.13;pourcentage du PIB;;;;;;;;;;;;;;;
Corée;2020;2020;internationale;Poids des impôts sur le revenu des particuliers;0.053;0.083;0.141;0.13;pourcentage du PIB;;;;;;;;;;;;;;;
Costa Rica;2020;2020;internationale;Poids des impôts sur le revenu des particuliers;0.015;0.083;0.141;0.13;pourcentage du PIB;;;;;;;;;;;;;;;
Danemark;2020;2020;internationale;Poids des impôts sur le revenu des particuliers;0.252;0.083;0.141;0.13;pourcentage du PIB;;;;;;;;;;;;;;;
Espagne;2020;2020;internationale;Poids des impôts sur le revenu des particuliers;0.087;0.083;0.141;0.13;pourcentage du PIB;;;;;;;;;;;;;;;
Estonie;2020;2020;internationale;Poids des impôts sur le revenu des particuliers;0.062;0.083;0.141;0.13;pourcentage du PIB;;;;;;;;;;;;;;;
États-Unis;2020;2020;internationale;Poids des impôts sur le revenu des particuliers;0.105;0.083;0.141;0.13;pourcentage du PIB;;;;;;;;;;;;;;;
Finlande;2020;2020;internationale;Poids des impôts sur le revenu des particuliers;0.126;0.083;0.141;0.13;pourcentage du PIB;;;;;;;;;;;;;;;
France;2020;2020;internationale;Poids des impôts sur le revenu des particuliers;0.096;0.083;0.141;0.13;pourcentage du PIB;;;;;;;;;;;;;;;
Grèce;2019;2020;internationale;Poids des impôts sur le revenu des particuliers;0.06;0.083;0.141;0.13;pourcentage du PIB;;;;;;;;;;;;;;;
Hongrie;2020;2020;internationale;Poids des impôts sur le revenu des particuliers;0.053;0.083;0.141;0.13;pourcentage du PIB;;;;;;;;;;;;;;;
Irlande;2020;2020;internationale;Poids des impôts sur le revenu des particuliers;0.066;0.083;0.141;0.13;pourcentage du PIB;;;;;;;;;;;;;;;
Islande;2020;2020;internationale;Poids des impôts sur le revenu des particuliers;0.153;0.083;0.141;0.13;pourcentage du PIB;;;;;;;;;;;;;;;
Israël;2020;2020;internationale;Poids des impôts sur le revenu des particuliers;0.066;0.083;0.141;0.13;pourcentage du PIB;;;;;;;;;;;;;;;
Italie;2020;2020;internationale;Poids des impôts sur le revenu des particuliers;0.115;0.083;0.141;0.13;pourcentage du PIB;;;;;;;;;;;;;;;
Japon;2020;2020;internationale;Poids des impôts sur le revenu des particuliers;0.06;0.083;0.141;0.13;pourcentage du PIB;;;;;;;;;;;;;;;
Lettonie;2020;2020;internationale;Poids des impôts sur le revenu des particuliers;0.061;0.083;0.141;0.13;pourcentage du PIB;;;;;;;;;;;;;;;
Lituanie;2020;2020;internationale;Poids des impôts sur le revenu des particuliers;0.072;0.083;0.141;0.13;pourcentage du PIB;;;;;;;;;;;;;;;
Luxembourg;2020;2020;internationale;Poids des impôts sur le revenu des particuliers;0.097;0.083;0.141;0.13;pourcentage du PIB;;;;;;;;;;;;;;;
Mexique;2020;2020;internationale;Poids des impôts sur le revenu des particuliers;0.038;0.083;0.141;0.13;pourcentage du PIB;;;;;;;;;;;;;;;
Norvège;2020;2020;internationale;Poids des impôts sur le revenu des particuliers;0.113;0.083;0.141;0.13;pourcentage du PIB;;;;;;;;;;;;;;;
Nouvelle-Zélande;2019;2020;internationale;Poids des impôts sur le revenu des particuliers;0.124;0.083;0.141;0.13;pourcentage du PIB;;;;;;;;;;;;;;;
Pays-Bas;2020;2020;internationale;Poids des impôts sur le revenu des particuliers;0.091;0.083;0.141;0.13;pourcentage du PIB;;;;;;;;;;;;;;;
Pologne;2020;2020;internationale;Poids des impôts sur le revenu des particuliers;0.052;0.083;0.141;0.13;pourcentage du PIB;;;;;;;;;;;;;;;
Portugal;2020;2020;internationale;Poids des impôts sur le revenu des particuliers;0.069;0.083;0.141;0.13;pourcentage du PIB;;;;;;;;;;;;;;;
République slovaque;2020;2020;internationale;Poids des impôts sur le revenu des particuliers;0.038;0.083;0.141;0.13;pourcentage du PIB;;;;;;;;;;;;;;;
République tchèque;2020;2020;internationale;Poids des impôts sur le revenu des particuliers;0.046;0.083;0.141;0.13;pourcentage du PIB;;;;;;;;;;;;;;;
Royaume-Uni;2020;2020;internationale;Poids des impôts sur le revenu des particuliers;0.095;0.083;0.141;0.13;pourcentage du PIB;;;;;;;;;;;;;;;
Slovénie;2020;2020;internationale;Poids des impôts sur le revenu des particuliers;0.054;0.083;0.141;0.13;pourcentage du PIB;;;;;;;;;;;;;;;
Suède;2020;2020;internationale;Poids des impôts sur le revenu des particuliers;0.124;0.083;0.141;0.13;pourcentage du PIB;;;;;;;;;;;;;;;
Suisse;2020;2020;internationale;Poids des impôts sur le revenu des particuliers;0.085;0.083;0.141;0.13;pourcentage du PIB;;;;;;;;;;;;;;;
Turquie;2020;2020;internationale;Poids des impôts sur le revenu des particuliers;0.031;0.083;0.141;0.13;pourcentage du PIB;;;;;;;;;;;;;;;
Québec;2020;2020;internationale;Poids des impôts sur le revenu des particuliers;0.141;;;0.13;pourcentage du PIB;;;;;;;;;;;;;;;
Canada sans Québec;2020;2020;internationale;Poids des impôts sur le revenu des particuliers;0.125;;;0.13;pourcentage du PIB;;;;;;;;;;;;;;;
Terre-Neuve-et-Labrador;2020;2020;interprovinciale;Poids des impôts sur le revenu des particuliers;0.123;;;0.13;pourcentage du PIB;;;;;;;;;;;;;;;
Île-du-Prince-Édouard;2020;2020;interprovinciale;Poids des impôts sur le revenu des particuliers;0.122;;;0.13;pourcentage du PIB;;;;;;;;;;;;;;;
Nouvelle-Écosse;2020;2020;interprovinciale;Poids des impôts sur le revenu des particuliers;0.136;;;0.13;pourcentage du PIB;;;;;;;;;;;;;;;
Nouveau-Brunswick;2020;2020;interprovinciale;Poids des impôts sur le revenu des particuliers;0.118;;;0.13;pourcentage du PIB;;;;;;;;;;;;;;;
Québec;2020;2020;interprovinciale;Poids des impôts sur le revenu des particuliers;0.141;;;0.13;pourcentage du PIB;;;;;;;;;;;;;;;
Ontario;2020;2020;interprovinciale;Poids des impôts sur le revenu des particuliers;0.131;;;0.13;pourcentage du PIB;;;;;;;;;;;;;;;
Manitoba;2020;2020;interprovinciale;Poids des impôts sur le revenu des particuliers;0.122;;;0.13;pourcentage du PIB;;;;;;;;;;;;;;;
Saskatchewan;2020;2020;interprovinciale;Poids des impôts sur le revenu des particuliers;0.098;;;0.13;pourcentage du PIB;;;;;;;;;;;;;;;
Alberta;2020;2020;interprovinciale;Poids des impôts sur le revenu des particuliers;0.128;;;0.13;pourcentage du PIB;;;;;;;;;;;;;;;
Colombie-Britannique;2020;2020;interprovinciale;Poids des impôts sur le revenu des particuliers;0.114;;;0.13;pourcentage du PIB;;;;;;;;;;;;;;;
Allemagne;2020;2020;internationale;Poids des impôts sur le bénéfices des sociétés;0.017;0.027;0.041;0.04;pourcentage du PIB;;;;;;;;;;;;;;;
Australie;2019;2020;internationale;Poids des impôts sur le bénéfices des sociétés;0.047;0.027;0.041;0.04;pourcentage du PIB;;;;;;;;;;;;;;;
Autriche;2020;2020;internationale;Poids des impôts sur le bénéfices des sociétés;0.021;0.027;0.041;0.04;pourcentage du PIB;;;;;;;;;;;;;;;
Belgique;2020;2020;internationale;Poids des impôts sur le bénéfices des sociétés;0.033;0.027;0.041;0.04;pourcentage du PIB;;;;;;;;;;;;;;;
Canada;2020;2020;internationale;Poids des impôts sur le bénéfices des sociétés;0.041;0.027;0.041;0.04;pourcentage du PIB;;;;;;;;;;;;;;;
Chili;2020;2020;internationale;Poids des impôts sur le bénéfices des sociétés;0.047;0.027;0.041;0.04;pourcentage du PIB;;;;;;;;;;;;;;;
Colombie;2020;2020;internationale;Poids des impôts sur le bénéfices des sociétés;0.046;0.027;0.041;0.04;pourcentage du PIB;;;;;;;;;;;;;;;
Corée;2020;2020;internationale;Poids des impôts sur le bénéfices des sociétés;0.034;0.027;0.041;0.04;pourcentage du PIB;;;;;;;;;;;;;;;
Costa Rica;2020;2020;internationale;Poids des impôts sur le bénéfices des sociétés;0.019;0.027;0.041;0.04;pourcentage du PIB;;;;;;;;;;;;;;;
Danemark;2020;2020;internationale;Poids des impôts sur le bénéfices des sociétés;0.026;0.027;0.041;0.04;pourcentage du PIB;;;;;;;;;;;;;;;
Espagne;2020;2020;internationale;Poids des impôts sur le bénéfices des sociétés;0.02;0.027;0.041;0.04;pourcentage du PIB;;;;;;;;;;;;;;;
Estonie;2020;2020;internationale;Poids des impôts sur le bénéfices des sociétés;0.017;0.027;0.041;0.04;pourcentage du PIB;;;;;;;;;;;;;;;
États-Unis;2020;2020;internationale;Poids des impôts sur le bénéfices des sociétés;0.013;0.027;0.041;0.04;pourcentage du PIB;;;;;;;;;;;;;;;
Finlande;2020;2020;internationale;Poids des impôts sur le bénéfices des sociétés;0.021;0.027;0.041;0.04;pourcentage du PIB;;;;;;;;;;;;;;;
France;2020;2020;internationale;Poids des impôts sur le bénéfices des sociétés;0.023;0.027;0.041;0.04;pourcentage du PIB;;;;;;;;;;;;;;;
Grèce;2019;2020;internationale;Poids des impôts sur le bénéfices des sociétés;0.022;0.027;0.041;0.04;pourcentage du PIB;;;;;;;;;;;;;;;
Hongrie;2020;2020;internationale;Poids des impôts sur le bénéfices des sociétés;0.01;0.027;0.041;0.04;pourcentage du PIB;;;;;;;;;;;;;;;
Irlande;2020;2020;internationale;Poids des impôts sur le bénéfices des sociétés;0.032;0.027;0.041;0.04;pourcentage du PIB;;;;;;;;;;;;;;;
Islande;2020;2020;internationale;Poids des impôts sur le bénéfices des sociétés;0.022;0.027;0.041;0.04;pourcentage du PIB;;;;;;;;;;;;;;;
Israël;2020;2020;internationale;Poids des impôts sur le bénéfices des sociétés;0.028;0.027;0.041;0.04;pourcentage du PIB;;;;;;;;;;;;;;;
Italie;2020;2020;internationale;Poids des impôts sur le bénéfices des sociétés;0.021;0.027;0.041;0.04;pourcentage du PIB;;;;;;;;;;;;;;;
Japon;2020;2020;internationale;Poids des impôts sur le bénéfices des sociétés;0.031;0.027;0.041;0.04;pourcentage du PIB;;;;;;;;;;;;;;;
Lettonie;2020;2020;internationale;Poids des impôts sur le bénéfices des sociétés;0.007;0.027;0.041;0.04;pourcentage du PIB;;;;;;;;;;;;;;;
Lituanie;2020;2020;internationale;Poids des impôts sur le bénéfices des sociétés;0.016;0.027;0.041;0.04;pourcentage du PIB;;;;;;;;;;;;;;;
Luxembourg;2020;2020;internationale;Poids des impôts sur le bénéfices des sociétés;0.046;0.027;0.041;0.04;pourcentage du PIB;;;;;;;;;;;;;;;1.508
Mexique;2020;2020;internationale;Poids des impôts sur le bénéfices des sociétés;0.036;0.027;0.041;0.04;pourcentage du PIB;;;;;;;;;;;;;;;
Norvège;2020;2020;internationale;Poids des impôts sur le bénéfices des sociétés;0.024;0.027;0.041;0.04;pourcentage du PIB;;;;;;;;;;;;;;;
Nouvelle-Zélande;2019;2020;internationale;Poids des impôts sur le bénéfices des sociétés;0.039;0.027;0.041;0.04;pourcentage du PIB;;;;;;;;;;;;;;;
Pays-Bas;2020;2020;internationale;Poids des impôts sur le bénéfices des sociétés;0.031;0.027;0.041;0.04;pourcentage du PIB;;;;;;;;;;;;;;;
Pologne;2020;2020;internationale;Poids des impôts sur le bénéfices des sociétés;0.023;0.027;0.041;0.04;pourcentage du PIB;;;;;;;;;;;;;;;
Portugal;2020;2020;internationale;Poids des impôts sur le bénéfices des sociétés;0.027;0.027;0.041;0.04;pourcentage du PIB;;;;;;;;;;;;;;;
République slovaque;2020;2020;internationale;Poids des impôts sur le bénéfices des sociétés;0.025;0.027;0.041;0.04;pourcentage du PIB;;;;;;;;;;;;;;;
République tchèque;2020;2020;internationale;Poids des impôts sur le bénéfices des sociétés;0.029;0.027;0.041;0.04;pourcentage du PIB;;;;;;;;;;;;;;;
Royaume-Uni;2020;2020;internationale;Poids des impôts sur le bénéfices des sociétés;0.023;0.027;0.041;0.04;pourcentage du PIB;;;;;;;;;;;;;;;
Slovénie;2020;2020;internationale;Poids des impôts sur le bénéfices des sociétés;0.013;0.027;0.041;0.04;pourcentage du PIB;;;;;;;;;;;;;;;
Suède;2020;2020;internationale;Poids des impôts sur le bénéfices des sociétés;0.028;0.027;0.041;0.04;pourcentage du PIB;;;;;;;;;;;;;;;
Suisse;2020;2020;internationale;Poids des impôts sur le bénéfices des sociétés;0.031;0.027;0.041;0.04;pourcentage du PIB;;;;;;;;;;;;;;;
Turquie;2020;2020;internationale;Poids des impôts sur le bénéfices des sociétés;0.021;0.027;0.041;0.04;pourcentage du PIB;;;;;;;;;;;;;;;
Québec;2020;2020;internationale;Poids des impôts sur le bénéfices des sociétés;0.041;;;0.04;pourcentage du PIB;;;;;;;;;;;;;;;
Canada (sans Québec);2020;2020;internationale;Poids des impôts sur le bénéfices des sociétés;0.041;;;0.04;pourcentage du PIB;;;;;;;;;;;;;;;
Terre-Neuve-et-Labrador;2020;2020;interprovinciale;Poids des impôts sur le bénéfices des sociétés;0.027;;;0.04;pourcentage du PIB;;;;;;;;;;;;;;;
Île-du-Prince-Édouard;2020;2020;interprovinciale;Poids des impôts sur le bénéfices des sociétés;0.028;;;0.04;pourcentage du PIB;;;;;;;;;;;;;;;
Nouvelle-Écosse;2020;2020;interprovinciale;Poids des impôts sur le bénéfices des sociétés;0.03;;;0.04;pourcentage du PIB;;;;;;;;;;;;;;;
Nouveau-Brunswick;2020;2020;interprovinciale;Poids des impôts sur le bénéfices des sociétés;0.026;;;0.04;pourcentage du PIB;;;;;;;;;;;;;;;
Québec;2020;2020;interprovinciale;Poids des impôts sur le bénéfices des sociétés;0.041;;;0.04;pourcentage du PIB;;;;;;;;;;;;;;;
Ontario;2020;2020;interprovinciale;Poids des impôts sur le bénéfices des sociétés;0.048;;;0.04;pourcentage du PIB;;;;;;;;;;;;;;;
Manitoba;2020;2020;interprovinciale;Poids des impôts sur le bénéfices des sociétés;0.026;;;0.04;pourcentage du PIB;;;;;;;;;;;;;;;
Saskatchewan;2020;2020;interprovinciale;Poids des impôts sur le bénéfices des sociétés;0.032;;;0.04;pourcentage du PIB;;;;;;;;;;;;;;;
Alberta;2020;2020;interprovinciale;Poids des impôts sur le bénéfices des sociétés;0.036;;;0.04;pourcentage du PIB;;;;;;;;;;;;;;;
Colombie-Britannique;2020;2020;interprovinciale;Poids des impôts sur le bénéfices des sociétés;0.039;;;0.04;pourcentage du PIB;;;;;;;;;;;;;;;
Allemagne;2020;2020;internationale;Poids des cotisations sociales;0.152;0.093;0.061;0.05;pourcentage du PIB;;;;;;;;;;;;;;;
Australie;2019;2020;internationale;Poids des cotisations sociales;0;0.093;0.061;0.05;pourcentage du PIB;;;;;;;;;;;;;;;
Autriche;2020;2020;internationale;Poids des cotisations sociales;0.156;0.093;0.061;0.05;pourcentage du PIB;;;;;;;;;;;;;;;
Belgique;2020;2020;internationale;Poids des cotisations sociales;0.137;0.093;0.061;0.05;pourcentage du PIB;;;;;;;;;;;;;;;
Canada;2020;2020;internationale;Poids des cotisations sociales;0.049;0.093;0.061;0.05;pourcentage du PIB;;;;;;;;;;;;;;;
Chili;2020;2020;internationale;Poids des cotisations sociales;0.015;0.093;0.061;0.05;pourcentage du PIB;;;;;;;;;;;;;;;
Colombie;2020;2020;internationale;Poids des cotisations sociales;0.019;0.093;0.061;0.05;pourcentage du PIB;;;;;;;;;;;;;;;
Corée;2020;2020;internationale;Poids des cotisations sociales;0.078;0.093;0.061;0.05;pourcentage du PIB;;;;;;;;;;;;;;;
Costa Rica;2020;2020;internationale;Poids des cotisations sociales;0.083;0.093;0.061;0.05;pourcentage du PIB;;;;;;;;;;;;;;;
Danemark;2020;2020;internationale;Poids des cotisations sociales;0.001;0.093;0.061;0.05;pourcentage du PIB;;;;;;;;;;;;;;;
Espagne;2020;2020;internationale;Poids des cotisations sociales;0.137;0.093;0.061;0.05;pourcentage du PIB;;;;;;;;;;;;;;;
Estonie;2020;2020;internationale;Poids des cotisations sociales;0.129;0.093;0.061;0.05;pourcentage du PIB;;;;;;;;;;;;;;;
États-Unis;2020;2020;internationale;Poids des cotisations sociales;0.063;0.093;0.061;0.05;pourcentage du PIB;;;;;;;;;;;;;;;
Finlande;2020;2020;internationale;Poids des cotisations sociales;0.115;0.093;0.061;0.05;pourcentage du PIB;;;;;;;;;;;;;;;
France;2020;2020;internationale;Poids des cotisations sociales;0.149;0.093;0.061;0.05;pourcentage du PIB;;;;;;;;;;;;;;;
Grèce;2020;2020;internationale;Poids des cotisations sociales;0.129;0.093;0.061;0.05;pourcentage du PIB;;;;;;;;;;;;;;;
Hongrie;2020;2020;internationale;Poids des cotisations sociales;0.111;0.093;0.061;0.05;pourcentage du PIB;;;;;;;;;;;;;;;
Irlande;2020;2020;internationale;Poids des cotisations sociales;0.034;0.093;0.061;0.05;pourcentage du PIB;;;;;;;;;;;;;;;
Islande;2020;2020;internationale;Poids des cotisations sociales;0.032;0.093;0.061;0.05;pourcentage du PIB;;;;;;;;;;;;;;;
Israël;2020;2020;internationale;Poids des cotisations sociales;0.051;0.093;0.061;0.05;pourcentage du PIB;;;;;;;;;;;;;;;
Italie;2020;2020;internationale;Poids des cotisations sociales;0.135;0.093;0.061;0.05;pourcentage du PIB;;;;;;;;;;;;;;;
Japon;2019;2020;internationale;Poids des cotisations sociales;0.129;0.093;0.061;0.05;pourcentage du PIB;;;;;;;;;;;;;;;
Lettonie;2020;2020;internationale;Poids des cotisations sociales;0.101;0.093;0.061;0.05;pourcentage du PIB;;;;;;;;;;;;;;;
Lituanie;2020;2020;internationale;Poids des cotisations sociales;0.104;0.093;0.061;0.05;pourcentage du PIB;;;;;;;;;;;;;;;
Luxembourg;2020;2020;internationale;Poids des cotisations sociales;0.112;0.093;0.061;0.05;pourcentage du PIB;;;;;;;;;;;;;;;
Mexique;2020;2020;internationale;Poids des cotisations sociales;0.025;0.093;0.061;0.05;pourcentage du PIB;;;;;;;;;;;;;;;
Norvège;2020;2020;internationale;Poids des cotisations sociales;0.112;0.093;0.061;0.05;pourcentage du PIB;;;;;;;;;;;;;;;
Nouvelle-Zélande;2020;2020;internationale;Poids des cotisations sociales;0;0.093;0.061;0.05;pourcentage du PIB;;;;;;;;;;;;;;;
Pays-Bas;2020;2020;internationale;Poids des cotisations sociales;0.136;0.093;0.061;0.05;pourcentage du PIB;;;;;;;;;;;;;;;
Pologne;2020;2020;internationale;Poids des cotisations sociales;0.138;0.093;0.061;0.05;pourcentage du PIB;;;;;;;;;;;;;;;
Portugal;2020;2020;internationale;Poids des cotisations sociales;0.103;0.093;0.061;0.05;pourcentage du PIB;;;;;;;;;;;;;;;
République slovaque;2020;2020;internationale;Poids des cotisations sociales;0.155;0.093;0.061;0.05;pourcentage du PIB;;;;;;;;;;;;;;;
République tchèque;2020;2020;internationale;Poids des cotisations sociales;0.158;0.093;0.061;0.05;pourcentage du PIB;;;;;;;;;;;;;;;
Royaume-Uni;2020;2020;internationale;Poids des cotisations sociales;0.069;0.093;0.061;0.05;pourcentage du PIB;;;;;;;;;;;;;;;
Slovénie;2020;2020;internationale;Poids des cotisations sociales;0.168;0.093;0.061;0.05;pourcentage du PIB;;;;;;;;;;;;;;;
Suède;2020;2020;internationale;Poids des cotisations sociales;0.091;0.093;0.061;0.05;pourcentage du PIB;;;;;;;;;;;;;;;
Suisse;2020;2020;internationale;Poids des cotisations sociales;0.069;0.093;0.061;0.05;pourcentage du PIB;;;;;;;;;;;;;;;
Turquie;2020;2020;internationale;Poids des cotisations sociales;0.071;0.093;0.061;0.05;pourcentage du PIB;;;;;;;;;;;;;;;
Québec;2020;2020;internationale;Poids des cotisations sociales;0.061;0.093;0.061;0.05;pourcentage du PIB;;;;;;;;;;;;;;;
Canada (sans Québec);2020;2020;internationale;Poids des cotisations sociales;0.046;0.093;0.061;0.05;pourcentage du PIB;;;;;;;;;;;;;;;
Terre-Neuve-et-Labrador;2020;2020;interprovinciale;Poids des cotisations sociales;0.045;;;0.05;pourcentage du PIB;;;;;;;;;;;;;;;
Île-du-Prince-Édouard;2020;2020;interprovinciale;Poids des cotisations sociales;0.054;;;0.05;pourcentage du PIB;;;;;;;;;;;;;;;
Nouvelle-Écosse;2020;2020;interprovinciale;Poids des cotisations sociales;0.054;;;0.05;pourcentage du PIB;;;;;;;;;;;;;;;
Nouveau-Brunswick;2020;2020;interprovinciale;Poids des cotisations sociales;0.054;;;0.05;pourcentage du PIB;;;;;;;;;;;;;;;
Québec;2020;2020;interprovinciale;Poids des cotisations sociales;0.061;;;0.05;pourcentage du PIB;;;;;;;;;;;;;;;
Ontario;2020;2020;interprovinciale;Poids des cotisations sociales;0.046;;;0.05;pourcentage du PIB;;;;;;;;;;;;;;;
Manitoba;2020;2020;interprovinciale;Poids des cotisations sociales;0.047;;;0.05;pourcentage du PIB;;;;;;;;;;;;;;;
Saskatchewan;2020;2020;interprovinciale;Poids des cotisations sociales;0.038;;;0.05;pourcentage du PIB;;;;;;;;;;;;;;;
Alberta;2020;2020;interprovinciale;Poids des cotisations sociales;0.041;;;0.05;pourcentage du PIB;;;;;;;;;;;;;;;
Colombie-Britannique;2020;2020;interprovinciale;Poids des cotisations sociales;0.049;;;0.05;pourcentage du PIB;;;;;;;;;;;;;;;
Allemagne;2020;2020;internationale;Poids des impôts sur les salaires;0;0.005;0.018;0.01;pourcentage du PIB;;;;;;;;;;;;;;;
Australie;2019;2020;internationale;Poids des impôts sur les salaires;0.013;0.005;0.018;0.01;pourcentage du PIB;;;;;;;;;;;;;;;
Autriche;2020;2020;internationale;Poids des impôts sur les salaires;0.027;0.005;0.018;0.01;pourcentage du PIB;;;;;;;;;;;;;;;
Belgique;2020;2020;internationale;Poids des impôts sur les salaires;0;0.005;0.018;0.01;pourcentage du PIB;;;;;;;;;;;;;;;
Canada;2020;2020;internationale;Poids des impôts sur les salaires;0.008;0.005;0.018;0.01;pourcentage du PIB;;;;;;;;;;;;;;;
Chili;2020;2020;internationale;Poids des impôts sur les salaires;0;0.005;0.018;0.01;pourcentage du PIB;;;;;;;;;;;;;;;
Colombie;2020;2020;internationale;Poids des impôts sur les salaires;0.004;0.005;0.018;0.01;pourcentage du PIB;;;;;;;;;;;;;;;
Corée;2020;2020;internationale;Poids des impôts sur les salaires;0.001;0.005;0.018;0.01;pourcentage du PIB;;;;;;;;;;;;;;;
Costa Rica;2020;2020;internationale;Poids des impôts sur les salaires;0.015;0.005;0.018;0.01;pourcentage du PIB;;;;;;;;;;;;;;;
Danemark;2020;2020;internationale;Poids des impôts sur les salaires;0.003;0.005;0.018;0.01;pourcentage du PIB;;;;;;;;;;;;;;;
Espagne;2020;2020;internationale;Poids des impôts sur les salaires;0;0.005;0.018;0.01;pourcentage du PIB;;;;;;;;;;;;;;;
Estonie;2020;2020;internationale;Poids des impôts sur les salaires;0;0.005;0.018;0.01;pourcentage du PIB;;;;;;;;;;;;;;;
États-Unis;2020;2020;internationale;Poids des impôts sur les salaires;0;0.005;0.018;0.01;pourcentage du PIB;;;;;;;;;;;;;;;
Finlande;2020;2020;internationale;Poids des impôts sur les salaires;0;0.005;0.018;0.01;pourcentage du PIB;;;;;;;;;;;;;;;
France;2020;2020;internationale;Poids des impôts sur les salaires;0.019;0.005;0.018;0.01;pourcentage du PIB;;;;;;;;;;;;;;;
Grèce;2020;2020;internationale;Poids des impôts sur les salaires;0;0.005;0.018;0.01;pourcentage du PIB;;;;;;;;;;;;;;;
Hongrie;2020;2020;internationale;Poids des impôts sur les salaires;0.01;0.005;0.018;0.01;pourcentage du PIB;;;;;;;;;;;;;;;
Irlande;2020;2020;internationale;Poids des impôts sur les salaires;0.002;0.005;0.018;0.01;pourcentage du PIB;;;;;;;;;;;;;;;
Islande;2020;2020;internationale;Poids des impôts sur les salaires;0.003;0.005;0.018;0.01;pourcentage du PIB;;;;;;;;;;;;;;;
Israël;2020;2020;internationale;Poids des impôts sur les salaires;0.012;0.005;0.018;0.01;pourcentage du PIB;;;;;;;;;;;;;;;
Italie;2020;2020;internationale;Poids des impôts sur les salaires;0;0.005;0.018;0.01;pourcentage du PIB;;;;;;;;;;;;;;;
Japon;2020;2020;internationale;Poids des impôts sur les salaires;0;0.005;0.018;0.01;pourcentage du PIB;;;;;;;;;;;;;;;
Lettonie;2020;2020;internationale;Poids des impôts sur les salaires;0;0.005;0.018;0.01;pourcentage du PIB;;;;;;;;;;;;;;;
Lituanie;2020;2020;internationale;Poids des impôts sur les salaires;0;0.005;0.018;0.01;pourcentage du PIB;;;;;;;;;;;;;;;
Luxembourg;2020;2020;internationale;Poids des impôts sur les salaires;0;0.005;0.018;0.01;pourcentage du PIB;;;;;;;;;;;;;;;
Mexique;2020;2020;internationale;Poids des impôts sur les salaires;0.005;0.005;0.018;0.01;pourcentage du PIB;;;;;;;;;;;;;;;
Norvège;2020;2020;internationale;Poids des impôts sur les salaires;0.001;0.005;0.018;0.01;pourcentage du PIB;;;;;;;;;;;;;;;
Nouvelle-Zélande;2020;2020;internationale;Poids des impôts sur les salaires;0;0.005;0.018;0.01;pourcentage du PIB;;;;;;;;;;;;;;;
Pays-Bas;2020;2020;internationale;Poids des impôts sur les salaires;0;0.005;0.018;0.01;pourcentage du PIB;;;;;;;;;;;;;;;
Pologne;2020;2020;internationale;Poids des impôts sur les salaires;0.003;0.005;0.018;0.01;pourcentage du PIB;;;;;;;;;;;;;;;
Portugal;2020;2020;internationale;Poids des impôts sur les salaires;0;0.005;0.018;0.01;pourcentage du PIB;;;;;;;;;;;;;;;
République slovaque;2020;2020;internationale;Poids des impôts sur les salaires;0;0.005;0.018;0.01;pourcentage du PIB;;;;;;;;;;;;;;;
République tchèque;2020;2020;internationale;Poids des impôts sur les salaires;0;0.005;0.018;0.01;pourcentage du PIB;;;;;;;;;;;;;;;
Royaume-Uni;2020;2020;internationale;Poids des impôts sur les salaires;0.001;0.005;0.018;0.01;pourcentage du PIB;;;;;;;;;;;;;;;
Slovénie;2020;2020;internationale;Poids des impôts sur les salaires;0;0.005;0.018;0.01;pourcentage du PIB;;;;;;;;;;;;;;;
Suède;2020;2020;internationale;Poids des impôts sur les salaires;0.051;0.005;0.018;0.01;pourcentage du PIB;;;;;;;;;;;;;;;
Suisse;2020;2020;internationale;Poids des impôts sur les salaires;0;0.005;0.018;0.01;pourcentage du PIB;;;;;;;;;;;;;;;
Turquie;2020;2020;internationale;Poids des impôts sur les salaires;0;0.005;0.018;0.01;pourcentage du PIB;;;;;;;;;;;;;;;
Québec;2020;2020;internationale;Poids des impôts sur les salaires;0.018;0.005;0.018;0.01;pourcentage du PIB;;;;;;;;;;;;;;;
Canada (sans Québec);2020;2020;internationale;Poids des impôts sur les salaires;0.005;0.005;0.018;0.01;pourcentage du PIB;;;;;;;;;;;;;;;
Terre-Neuve-et-Labrador;2020;2020;interprovinciale;Poids des impôts sur les salaires;0.005;;;0.01;pourcentage du PIB;;;;;;;;;;;;;;;
Île-du-Prince-Édouard;2020;2020;interprovinciale;Poids des impôts sur les salaires;0;;;0.01;pourcentage du PIB;;;;;;;;;;;;;;;
Nouvelle-Écosse;2020;2020;interprovinciale;Poids des impôts sur les salaires;0;;;0.01;pourcentage du PIB;;;;;;;;;;;;;;;
Nouveau-Brunswick;2020;2020;interprovinciale;Poids des impôts sur les salaires;0;;;0.01;pourcentage du PIB;;;;;;;;;;;;;;;
Québec;2020;2020;interprovinciale;Poids des impôts sur les salaires;0.018;;;0.01;pourcentage du PIB;;;;;;;;;;;;;;;
Ontario;2020;2020;interprovinciale;Poids des impôts sur les salaires;0.008;;;0.01;pourcentage du PIB;;;;;;;;;;;;;;;
Manitoba;2020;2020;interprovinciale;Poids des impôts sur les salaires;0.007;;;0.01;pourcentage du PIB;;;;;;;;;;;;;;;
Saskatchewan;2020;2020;interprovinciale;Poids des impôts sur les salaires;0;;;0.01;pourcentage du PIB;;;;;;;;;;;;;;;
Alberta;2020;2020;interprovinciale;Poids des impôts sur les salaires;0;;;0.01;pourcentage du PIB;;;;;;;;;;;;;;;
Colombie-Britannique;2020;2020;interprovinciale;Poids des impôts sur les salaires;0.006;;;0.01;pourcentage du PIB;;;;;;;;;;;;;;;
Allemagne;2020;2020;internationale;Poids des impôts sur le patrimoine;0.013;0.019;0.036;0.04;pourcentage du PIB;;;;;;;;;;;;;;;
Australie;2019;2020;internationale;Poids des impôts sur le patrimoine;0.027;0.019;0.036;0.04;pourcentage du PIB;;;;;;;;;;;;;;;
Autriche;2020;2020;internationale;Poids des impôts sur le patrimoine;0.006;0.019;0.036;0.04;pourcentage du PIB;;;;;;;;;;;;;;;
Belgique;2020;2020;internationale;Poids des impôts sur le patrimoine;0.035;0.019;0.036;0.04;pourcentage du PIB;;;;;;;;;;;;;;;
Canada;2020;2020;internationale;Poids des impôts sur le patrimoine;0.04;0.019;0.036;0.04;pourcentage du PIB;;;;;;;;;;;;;;;
Chili;2020;2020;internationale;Poids des impôts sur le patrimoine;0.01;0.019;0.036;0.04;pourcentage du PIB;;;;;;;;;;;;;;;
Colombie;2020;2020;internationale;Poids des impôts sur le patrimoine;0.018;0.019;0.036;0.04;pourcentage du PIB;;;;;;;;;;;;;;;
Corée;2020;2020;internationale;Poids des impôts sur le patrimoine;0.04;0.019;0.036;0.04;pourcentage du PIB;;;;;;;;;;;;;;;
Costa Rica;2020;2020;internationale;Poids des impôts sur le patrimoine;0.005;0.019;0.036;0.04;pourcentage du PIB;;;;;;;;;;;;;;;
Danemark;2020;2020;internationale;Poids des impôts sur le patrimoine;0.02;0.019;0.036;0.04;pourcentage du PIB;;;;;;;;;;;;;;;
Espagne;2020;2020;internationale;Poids des impôts sur le patrimoine;0.024;0.019;0.036;0.04;pourcentage du PIB;;;;;;;;;;;;;;;
Estonie;2020;2020;internationale;Poids des impôts sur le patrimoine;0.002;0.019;0.036;0.04;pourcentage du PIB;;;;;;;;;;;;;;;
États-Unis;2020;2020;internationale;Poids des impôts sur le patrimoine;0.03;0.019;0.036;0.04;pourcentage du PIB;;;;;;;;;;;;;;;
Finlande;2020;2020;internationale;Poids des impôts sur le patrimoine;0.015;0.019;0.036;0.04;pourcentage du PIB;;;;;;;;;;;;;;;
France;2020;2020;internationale;Poids des impôts sur le patrimoine;0.04;0.019;0.036;0.04;pourcentage du PIB;;;;;;;;;;;;;;;
Grèce;2020;2020;internationale;Poids des impôts sur le patrimoine;0.031;0.019;0.036;0.04;pourcentage du PIB;;;;;;;;;;;;;;;
Hongrie;2020;2020;internationale;Poids des impôts sur le patrimoine;0.011;0.019;0.036;0.04;pourcentage du PIB;;;;;;;;;;;;;;;
Irlande;2020;2020;internationale;Poids des impôts sur le patrimoine;0.011;0.019;0.036;0.04;pourcentage du PIB;;;;;;;;;;;;;;;
Islande;2020;2020;internationale;Poids des impôts sur le patrimoine;0.024;0.019;0.036;0.04;pourcentage du PIB;;;;;;;;;;;;;;;
Israël;2020;2020;internationale;Poids des impôts sur le patrimoine;0.029;0.019;0.036;0.04;pourcentage du PIB;;;;;;;;;;;;;;;
Italie;2020;2020;internationale;Poids des impôts sur le patrimoine;0.025;0.019;0.036;0.04;pourcentage du PIB;;;;;;;;;;;;;;;
Japon;2020;2020;internationale;Poids des impôts sur le patrimoine;0.026;0.019;0.036;0.04;pourcentage du PIB;;;;;;;;;;;;;;;
Lettonie;2020;2020;internationale;Poids des impôts sur le patrimoine;0.009;0.019;0.036;0.04;pourcentage du PIB;;;;;;;;;;;;;;;
Lituanie;2020;2020;internationale;Poids des impôts sur le patrimoine;0.003;0.019;0.036;0.04;pourcentage du PIB;;;;;;;;;;;;;;;
Luxembourg;2020;2020;internationale;Poids des impôts sur le patrimoine;0.038;0.019;0.036;0.04;pourcentage du PIB;;;;;;;;;;;;;;;
Mexique;2020;2020;internationale;Poids des impôts sur le patrimoine;0.003;0.019;0.036;0.04;pourcentage du PIB;;;;;;;;;;;;;;;
Norvège;2020;2020;internationale;Poids des impôts sur le patrimoine;0.013;0.019;0.036;0.04;pourcentage du PIB;;;;;;;;;;;;;;;
Nouvelle-Zélande;2020;2020;internationale;Poids des impôts sur le patrimoine;0.019;0.019;0.036;0.04;pourcentage du PIB;;;;;;;;;;;;;;;
Pays-Bas;2020;2020;internationale;Poids des impôts sur le patrimoine;0.017;0.019;0.036;0.04;pourcentage du PIB;;;;;;;;;;;;;;;
Pologne;2020;2020;internationale;Poids des impôts sur le patrimoine;0.013;0.019;0.036;0.04;pourcentage du PIB;;;;;;;;;;;;;;;
Portugal;2020;2020;internationale;Poids des impôts sur le patrimoine;0.015;0.019;0.036;0.04;pourcentage du PIB;;;;;;;;;;;;;;;
République slovaque;2020;2020;internationale;Poids des impôts sur le patrimoine;0.005;0.019;0.036;0.04;pourcentage du PIB;;;;;;;;;;;;;;;
République tchèque;2020;2020;internationale;Poids des impôts sur le patrimoine;0.002;0.019;0.036;0.04;pourcentage du PIB;;;;;;;;;;;;;;;
Royaume-Uni;2020;2020;internationale;Poids des impôts sur le patrimoine;0.039;0.019;0.036;0.04;pourcentage du PIB;;;;;;;;;;;;;;;
Slovénie;2020;2020;internationale;Poids des impôts sur le patrimoine;0.006;0.019;0.036;0.04;pourcentage du PIB;;;;;;;;;;;;;;;
Suède;2020;2020;internationale;Poids des impôts sur le patrimoine;0.01;0.019;0.036;0.04;pourcentage du PIB;;;;;;;;;;;;;;;
Suisse;2020;2020;internationale;Poids des impôts sur le patrimoine;0.022;0.019;0.036;0.04;pourcentage du PIB;;;;;;;;;;;;;;;
Turquie;2020;2020;internationale;Poids des impôts sur le patrimoine;0.011;0.019;0.036;0.04;pourcentage du PIB;;;;;;;;;;;;;;;
Québec;2020;2020;internationale;Poids des impôts sur le patrimoine;0.036;0.019;0.036;0.04;pourcentage du PIB;;;;;;;;;;;;;;;
Canada (sans Québec);2020;2020;internationale;Poids des impôts sur le patrimoine;0.041;0.019;0.036;0.04;pourcentage du PIB;;;;;;;;;;;;;;;
Terre-Neuve-et-Labrador;2020;2020;interprovinciale;Poids des impôts sur le patrimoine;0.014;;;0.04;pourcentage du PIB;;;;;;;;;;;;;;;
Île-du-Prince-Édouard;2020;2020;interprovinciale;Poids des impôts sur le patrimoine;0.027;;;0.04;pourcentage du PIB;;;;;;;;;;;;;;;
Nouvelle-Écosse;2020;2020;interprovinciale;Poids des impôts sur le patrimoine;0.034;;;0.04;pourcentage du PIB;;;;;;;;;;;;;;;
Nouveau-Brunswick;2020;2020;interprovinciale;Poids des impôts sur le patrimoine;0.038;;;0.04;pourcentage du PIB;;;;;;;;;;;;;;;
Québec;2020;2020;interprovinciale;Poids des impôts sur le patrimoine;0.036;;;0.04;pourcentage du PIB;;;;;;;;;;;;;;;
Ontario;2020;2020;interprovinciale;Poids des impôts sur le patrimoine;0.046;;;0.04;pourcentage du PIB;;;;;;;;;;;;;;;
Manitoba;2020;2020;interprovinciale;Poids des impôts sur le patrimoine;0.037;;;0.04;pourcentage du PIB;;;;;;;;;;;;;;;
Saskatchewan;2020;2020;interprovinciale;Poids des impôts sur le patrimoine;0.03;;;0.04;pourcentage du PIB;;;;;;;;;;;;;;;
Alberta;2020;2020;interprovinciale;Poids des impôts sur le patrimoine;0.038;;;0.04;pourcentage du PIB;;;;;;;;;;;;;;;
Colombie-Britannique;2020;2020;interprovinciale;Poids des impôts sur le patrimoine;0.039;;;0.04;pourcentage du PIB;;;;;;;;;;;;;;;
Allemagne;2020;2020;internationale;Poids des impôts sur la consommation;0.098;0.106;0.088;0.08;pourcentage du PIB;;;;;;;;;;;;;;;
Australie;2019;2020;internationale;Poids des impôts sur la consommation;0.073;0.106;0.088;0.08;pourcentage du PIB;;;;;;;;;;;;;;;
Autriche;2020;2020;internationale;Poids des impôts sur la consommation;0.115;0.106;0.088;0.08;pourcentage du PIB;;;;;;;;;;;;;;;
Belgique;2020;2020;internationale;Poids des impôts sur la consommation;0.107;0.106;0.088;0.08;pourcentage du PIB;;;;;;;;;;;;;;;
Canada;2020;2020;internationale;Poids des impôts sur la consommation;0.075;0.106;0.088;0.08;pourcentage du PIB;;;;;;;;;;;;;;;
Chili;2020;2020;internationale;Poids des impôts sur la consommation;0.106;0.106;0.088;0.08;pourcentage du PIB;;;;;;;;;;;;;;;
Colombie;2020;2020;internationale;Poids des impôts sur la consommation;0.078;0.106;0.088;0.08;pourcentage du PIB;;;;;;;;;;;;;;;
Corée;2020;2020;internationale;Poids des impôts sur la consommation;0.068;0.106;0.088;0.08;pourcentage du PIB;;;;;;;;;;;;;;;
Costa Rica;2020;2020;internationale;Poids des impôts sur la consommation;0.076;0.106;0.088;0.08;pourcentage du PIB;;;;;;;;;;;;;;;
Danemark;2020;2020;internationale;Poids des impôts sur la consommation;0.143;0.106;0.088;0.08;pourcentage du PIB;;;;;;;;;;;;;;;
Espagne;2020;2020;internationale;Poids des impôts sur la consommation;0.098;0.106;0.088;0.08;pourcentage du PIB;;;;;;;;;;;;;;;
Estonie;2020;2020;internationale;Poids des impôts sur la consommation;0.136;0.106;0.088;0.08;pourcentage du PIB;;;;;;;;;;;;;;;
États-Unis;2020;2020;internationale;Poids des impôts sur la consommation;0.043;0.106;0.088;0.08;pourcentage du PIB;;;;;;;;;;;;;;;
Finlande;2020;2020;internationale;Poids des impôts sur la consommation;0.142;0.106;0.088;0.08;pourcentage du PIB;;;;;;;;;;;;;;;
France;2020;2020;internationale;Poids des impôts sur la consommation;0.123;0.106;0.088;0.08;pourcentage du PIB;;;;;;;;;;;;;;;
Grèce;2020;2020;internationale;Poids des impôts sur la consommation;0.149;0.106;0.088;0.08;pourcentage du PIB;;;;;;;;;;;;;;;
Hongrie;2020;2020;internationale;Poids des impôts sur la consommation;0.162;0.106;0.088;0.08;pourcentage du PIB;;;;;;;;;;;;;;;
Irlande;2020;2020;internationale;Poids des impôts sur la consommation;0.056;0.106;0.088;0.08;pourcentage du PIB;;;;;;;;;;;;;;;
Islande;2020;2020;internationale;Poids des impôts sur la consommation;0.112;0.106;0.088;0.08;pourcentage du PIB;;;;;;;;;;;;;;;
Israël;2020;2020;internationale;Poids des impôts sur la consommation;0.106;0.106;0.088;0.08;pourcentage du PIB;;;;;;;;;;;;;;;
Italie;2020;2020;internationale;Poids des impôts sur la consommation;0.115;0.106;0.088;0.08;pourcentage du PIB;;;;;;;;;;;;;;;
Japon;2020;2020;internationale;Poids des impôts sur la consommation;0.066;0.106;0.088;0.08;pourcentage du PIB;;;;;;;;;;;;;;;
Lettonie;2020;2020;internationale;Poids des impôts sur la consommation;0.14;0.106;0.088;0.08;pourcentage du PIB;;;;;;;;;;;;;;;
Lituanie;2020;2020;internationale;Poids des impôts sur la consommation;0.117;0.106;0.088;0.08;pourcentage du PIB;;;;;;;;;;;;;;;
Luxembourg;2020;2020;internationale;Poids des impôts sur la consommation;0.088;0.106;0.088;0.08;pourcentage du PIB;;;;;;;;;;;;;;;
Mexique;2020;2020;internationale;Poids des impôts sur la consommation;0.067;0.106;0.088;0.08;pourcentage du PIB;;;;;;;;;;;;;;;
Norvège;2020;2020;internationale;Poids des impôts sur la consommation;0.124;0.106;0.088;0.08;pourcentage du PIB;;;;;;;;;;;;;;;
Nouvelle-Zélande;2020;2020;internationale;Poids des impôts sur la consommation;0.125;0.106;0.088;0.08;pourcentage du PIB;;;;;;;;;;;;;;;
Pays-Bas;2020;2020;internationale;Poids des impôts sur la consommation;0.12;0.106;0.088;0.08;pourcentage du PIB;;;;;;;;;;;;;;;
Pologne;2020;2020;internationale;Poids des impôts sur la consommation;0.122;0.106;0.088;0.08;pourcentage du PIB;;;;;;;;;;;;;;;
Portugal;2020;2020;internationale;Poids des impôts sur la consommation;0.13;0.106;0.088;0.08;pourcentage du PIB;;;;;;;;;;;;;;;
République slovaque;2020;2020;internationale;Poids des impôts sur la consommation;0.122;0.106;0.088;0.08;pourcentage du PIB;;;;;;;;;;;;;;;
République tchèque;2020;2020;internationale;Poids des impôts sur la consommation;0.108;0.106;0.088;0.08;pourcentage du PIB;;;;;;;;;;;;;;;
Royaume-Uni;2020;2020;internationale;Poids des impôts sur la consommation;0.101;0.106;0.088;0.08;pourcentage du PIB;;;;;;;;;;;;;;;
Slovénie;2020;2020;internationale;Poids des impôts sur la consommation;0.126;0.106;0.088;0.08;pourcentage du PIB;;;;;;;;;;;;;;;
Suède;2020;2020;internationale;Poids des impôts sur la consommation;0.122;0.106;0.088;0.08;pourcentage du PIB;;;;;;;;;;;;;;;
Suisse;2020;2020;internationale;Poids des impôts sur la consommation;0.052;0.106;0.088;0.08;pourcentage du PIB;;;;;;;;;;;;;;;
Turquie;2020;2020;internationale;Poids des impôts sur la consommation;0.102;0.106;0.088;0.08;pourcentage du PIB;;;;;;;;;;;;;;;
Québec;2020;2020;internationale;Poids des impôts sur la consommation;0.088;0.106;0.088;0.08;pourcentage du PIB;;;;;;;;;;;;;;;
Canada (sans Québec);2020;2020;internationale;Poids des impôts sur la consommation;0.072;0.106;0.088;0.08;pourcentage du PIB;;;;;;;;;;;;;;;
Terre-Neuve-et-Labrador;2020;2020;interprovinciale;Poids des impôts sur la consommation;0.091;;;0.08;pourcentage du PIB;;;;;;;;;;;;;;;
Île-du-Prince-Édouard;2020;2020;interprovinciale;Poids des impôts sur la consommation;0.101;;;0.08;pourcentage du PIB;;;;;;;;;;;;;;;
Nouvelle-Écosse;2020;2020;interprovinciale;Poids des impôts sur la consommation;0.098;;;0.08;pourcentage du PIB;;;;;;;;;;;;;;;
Nouveau-Brunswick;2020;2020;interprovinciale;Poids des impôts sur la consommation;0.097;;;0.08;pourcentage du PIB;;;;;;;;;;;;;;;
Québec;2020;2020;interprovinciale;Poids des impôts sur la consommation;0.088;;;0.08;pourcentage du PIB;;;;;;;;;;;;;;;
Ontario;2020;2020;interprovinciale;Poids des impôts sur la consommation;0.074;;;0.08;pourcentage du PIB;;;;;;;;;;;;;;;
Manitoba;2020;2020;interprovinciale;Poids des impôts sur la consommation;0.08;;;0.08;pourcentage du PIB;;;;;;;;;;;;;;;
Saskatchewan;2020;2020;interprovinciale;Poids des impôts sur la consommation;0.084;;;0.08;pourcentage du PIB;;;;;;;;;;;;;;;
Alberta;2020;2020;interprovinciale;Poids des impôts sur la consommation;0.049;;;0.08;pourcentage du PIB;;;;;;;;;;;;;;;
Colombie-Britannique;2020;2020;interprovinciale;Poids des impôts sur la consommation;0.074;;;0.08;pourcentage du PIB;;;;;;;;;;;;;;;
Allemagne;2020;2020;internationale;Taux maximal du barème d'imposition des revenus des particuliers;0.475;0.429;0.533;;pourcentage;;;;;;;;;;;;;;;
Australie;2020;2020;internationale;Taux maximal du barème d'imposition des revenus des particuliers;0.47;0.429;0.533;;pourcentage;;;;;;;;;;;;;;;
Autriche;2020;2020;internationale;Taux maximal du barème d'imposition des revenus des particuliers;0.55;0.429;0.533;;pourcentage;;;;;;;;;;;;;;;
Belgique;2020;2020;internationale;Taux maximal du barème d'imposition des revenus des particuliers;0.529;0.429;0.533;;pourcentage;;;;;;;;;;;;;;;
Canada;2020;2020;internationale;Taux maximal du barème d'imposition des revenus des particuliers;0.535;0.429;0.533;;pourcentage;;;;;;;;;;;;;;;
Chili;2020;2020;internationale;Taux maximal du barème d'imposition des revenus des particuliers;0.35;0.429;0.533;;pourcentage;;;;;;;;;;;;;;;
Corée;2020;2020;internationale;Taux maximal du barème d'imposition des revenus des particuliers;0.462;0.429;0.533;;pourcentage;;;;;;;;;;;;;;;
Danemark;2020;2020;internationale;Taux maximal du barème d'imposition des revenus des particuliers;0.559;0.429;0.533;;pourcentage;;;;;;;;;;;;;;;
Espagne;2020;2020;internationale;Taux maximal du barème d'imposition des revenus des particuliers;0.435;0.429;0.533;;pourcentage;;;;;;;;;;;;;;;
Estonie;2020;2020;internationale;Taux maximal du barème d'imposition des revenus des particuliers;0.2;0.429;0.533;;pourcentage;;;;;;;;;;;;;;;
États-Unis;2020;2020;internationale;Taux maximal du barème d'imposition des revenus des particuliers;0.437;0.429;0.533;;pourcentage;;;;;;;;;;;;;;;
Finlande;2020;2020;internationale;Taux maximal du barème d'imposition des revenus des particuliers;0.512;0.429;0.533;;pourcentage;;;;;;;;;;;;;;;
France;2020;2020;internationale;Taux maximal du barème d'imposition des revenus des particuliers;0.554;0.429;0.533;;pourcentage;;;;;;;;;;;;;;;
Grèce;2020;2020;internationale;Taux maximal du barème d'imposition des revenus des particuliers;0.54;0.429;0.533;;pourcentage;;;;;;;;;;;;;;;
Hongrie;2020;2020;internationale;Taux maximal du barème d'imposition des revenus des particuliers;0.15;0.429;0.533;;pourcentage;;;;;;;;;;;;;;;
Irlande;2020;2020;internationale;Taux maximal du barème d'imposition des revenus des particuliers;0.48;0.429;0.533;;pourcentage;;;;;;;;;;;;;;;
Islande;2020;2020;internationale;Taux maximal du barème d'imposition des revenus des particuliers;0.462;0.429;0.533;;pourcentage;;;;;;;;;;;;;;;
Israël;2020;2020;internationale;Taux maximal du barème d'imposition des revenus des particuliers;0.5;0.429;0.533;;pourcentage;;;;;;;;;;;;;;;
Italie;2020;2020;internationale;Taux maximal du barème d'imposition des revenus des particuliers;0.472;0.429;0.533;;pourcentage;;;;;;;;;;;;;;;
Japon;2020;2020;internationale;Taux maximal du barème d'imposition des revenus des particuliers;0.559;0.429;0.533;;pourcentage;;;;;;;;;;;;;;;
Lettonie;2020;2020;internationale;Taux maximal du barème d'imposition des revenus des particuliers;0.314;0.429;0.533;;pourcentage;;;;;;;;;;;;;;;
Lituanie;2020;2020;internationale;Taux maximal du barème d'imposition des revenus des particuliers;0.32;0.429;0.533;;pourcentage;;;;;;;;;;;;;;;
Luxembourg;2020;2020;internationale;Taux maximal du barème d'imposition des revenus des particuliers;0.458;0.429;0.533;;pourcentage;;;;;;;;;;;;;;;
Mexique;2020;2020;internationale;Taux maximal du barème d'imposition des revenus des particuliers;0.35;0.429;0.533;;pourcentage;;;;;;;;;;;;;;;
Norvège;2020;2020;internationale;Taux maximal du barème d'imposition des revenus des particuliers;0.382;0.429;0.533;;pourcentage;;;;;;;;;;;;;;;
Nouvelle-Zélande;2020;2020;internationale;Taux maximal du barème d'imposition des revenus des particuliers;0.33;0.429;0.533;;pourcentage;;;;;;;;;;;;;;;
Pays-Bas;2020;2020;internationale;Taux maximal du barème d'imposition des revenus des particuliers;0.495;0.429;0.533;;pourcentage;;;;;;;;;;;;;;;
Pologne;2020;2020;internationale;Taux maximal du barème d'imposition des revenus des particuliers;0.32;0.429;0.533;;pourcentage;;;;;;;;;;;;;;;
Portugal;2020;2020;internationale;Taux maximal du barème d'imposition des revenus des particuliers;0.53;0.429;0.533;;pourcentage;;;;;;;;;;;;;;;
Québec;2020;2020;internationale;Taux maximal du barème d'imposition des revenus des particuliers;0.533;0.429;0.533;;pourcentage;;;;;;;;;;;;;;;
République slovaque;2020;2020;internationale;Taux maximal du barème d'imposition des revenus des particuliers;0.25;0.429;0.533;;pourcentage;;;;;;;;;;;;;;;
République tchèque;2020;2020;internationale;Taux maximal du barème d'imposition des revenus des particuliers;0.15;0.429;0.533;;pourcentage;;;;;;;;;;;;;;;
Royaume-Uni;2020;2020;internationale;Taux maximal du barème d'imposition des revenus des particuliers;0.45;0.429;0.533;;pourcentage;;;;;;;;;;;;;;;
Slovénie;2020;2020;internationale;Taux maximal du barème d'imposition des revenus des particuliers;0.5;0.429;0.533;;pourcentage;;;;;;;;;;;;;;;
Suède ;2020;2020;internationale;Taux maximal du barème d'imposition des revenus des particuliers;0.523;0.429;0.533;;pourcentage;;;;;;;;;;;;;;;
Suisse;2020;2020;internationale;Taux maximal du barème d'imposition des revenus des particuliers;0.417;0.429;0.533;;pourcentage;;;;;;;;;;;;;;;
Turquie;2020;2020;internationale;Taux maximal du barème d'imposition des revenus des particuliers;0.408;0.429;0.533;;pourcentage;;;;;;;;;;;;;;;
Allemagne;2021;2021;internationale;Taux d’imposition combinés sur le revenu des sociétés ;0.299;0.232;0.265;;pourcentage;;;;;;;;;;;;;;;
Australie;2021;2021;internationale;Taux d’imposition combinés sur le revenu des sociétés ;0.3;0.232;0.265;;pourcentage;;;;;;;;;;;;;;;
Autriche;2021;2021;internationale;Taux d’imposition combinés sur le revenu des sociétés ;0.25;0.232;0.265;;pourcentage;;;;;;;;;;;;;;;
Belgique;2021;2021;internationale;Taux d’imposition combinés sur le revenu des sociétés ;0.25;0.232;0.265;;pourcentage;;;;;;;;;;;;;;;
Canada;2021;2021;internationale;Taux d’imposition combinés sur le revenu des sociétés ;0.262;0.232;0.265;;pourcentage;;;;;;;;;;;;;;;
Chili;2021;2021;internationale;Taux d’imposition combinés sur le revenu des sociétés ;0.1;0.232;0.265;;pourcentage;;;;;;;;;;;;;;;
Colombie;2021;2021;internationale;Taux d’imposition combinés sur le revenu des sociétés ;0.31;0.232;0.265;;pourcentage;;;;;;;;;;;;;;;
Corée;2021;2021;internationale;Taux d’imposition combinés sur le revenu des sociétés ;0.275;0.232;0.265;;pourcentage;;;;;;;;;;;;;;;
Costa Rica;2021;2021;internationale;Taux d’imposition combinés sur le revenu des sociétés ;0.3;0.232;0.265;;pourcentage;;;;;;;;;;;;;;;
Danemark;2021;2021;internationale;Taux d’imposition combinés sur le revenu des sociétés ;0.22;0.232;0.265;;pourcentage;;;;;;;;;;;;;;;
Espagne;2021;2021;internationale;Taux d’imposition combinés sur le revenu des sociétés ;0.25;0.232;0.265;;pourcentage;;;;;;;;;;;;;;;
Estonie;2021;2021;internationale;Taux d’imposition combinés sur le revenu des sociétés ;0.2;0.232;0.265;;pourcentage;;;;;;;;;;;;;;;
États-Unis;2021;2021;internationale;Taux d’imposition combinés sur le revenu des sociétés ;0.258;0.232;0.265;;pourcentage;;;;;;;;;;;;;;;
Finlande;2021;2021;internationale;Taux d’imposition combinés sur le revenu des sociétés ;0.2;0.232;0.265;;pourcentage;;;;;;;;;;;;;;;
France;2021;2021;internationale;Taux d’imposition combinés sur le revenu des sociétés ;0.284;0.232;0.265;;pourcentage;;;;;;;;;;;;;;;
Grèce;2021;2021;internationale;Taux d’imposition combinés sur le revenu des sociétés ;0.24;0.232;0.265;;pourcentage;;;;;;;;;;;;;;;
Hongrie;2021;2021;internationale;Taux d’imposition combinés sur le revenu des sociétés ;0.09;0.232;0.265;;pourcentage;;;;;;;;;;;;;;;
Irlande;2021;2021;internationale;Taux d’imposition combinés sur le revenu des sociétés ;0.125;0.232;0.265;;pourcentage;;;;;;;;;;;;;;;
Islande;2021;2021;internationale;Taux d’imposition combinés sur le revenu des sociétés ;0.2;0.232;0.265;;pourcentage;;;;;;;;;;;;;;;
Israël;2021;2021;internationale;Taux d’imposition combinés sur le revenu des sociétés ;0.23;0.232;0.265;;pourcentage;;;;;;;;;;;;;;;
Italie;2021;2021;internationale;Taux d’imposition combinés sur le revenu des sociétés ;0.278;0.232;0.265;;pourcentage;;;;;;;;;;;;;;;
Japon;2021;2021;internationale;Taux d’imposition combinés sur le revenu des sociétés ;0.297;0.232;0.265;;pourcentage;;;;;;;;;;;;;;;
Lettonie;2021;2021;internationale;Taux d’imposition combinés sur le revenu des sociétés ;0.2;0.232;0.265;;pourcentage;;;;;;;;;;;;;;;
Lituanie;2021;2021;internationale;Taux d’imposition combinés sur le revenu des sociétés ;0.15;0.232;0.265;;pourcentage;;;;;;;;;;;;;;;
Luxembourg;2021;2021;internationale;Taux d’imposition combinés sur le revenu des sociétés ;0.249;0.232;0.265;;pourcentage;;;;;;;;;;;;;;;
Mexique;2021;2021;internationale;Taux d’imposition combinés sur le revenu des sociétés ;0.3;0.232;0.265;;pourcentage;;;;;;;;;;;;;;;
Norvège;2021;2021;internationale;Taux d’imposition combinés sur le revenu des sociétés ;0.22;0.232;0.265;;pourcentage;;;;;;;;;;;;;;;
Nouvelle-Zélande;2021;2021;internationale;Taux d’imposition combinés sur le revenu des sociétés ;0.28;0.232;0.265;;pourcentage;;;;;;;;;;;;;;;
Pays-Bas;2021;2021;internationale;Taux d’imposition combinés sur le revenu des sociétés ;0.25;0.232;0.265;;pourcentage;;;;;;;;;;;;;;;
Pologne;2021;2021;internationale;Taux d’imposition combinés sur le revenu des sociétés ;0.19;0.232;0.265;;pourcentage;;;;;;;;;;;;;;;
Portugal;2021;2021;internationale;Taux d’imposition combinés sur le revenu des sociétés ;0.315;0.232;0.265;;pourcentage;;;;;;;;;;;;;;;
Québec;2021;2021;internationale;Taux d’imposition combinés sur le revenu des sociétés ;0.265;0.232;0.265;;pourcentage;;;;;;;;;;;;;;;
République slovaque;2021;2021;internationale;Taux d’imposition combinés sur le revenu des sociétés ;0.21;0.232;0.265;;pourcentage;;;;;;;;;;;;;;;
République tchèque;2021;2021;internationale;Taux d’imposition combinés sur le revenu des sociétés ;0.19;0.232;0.265;;pourcentage;;;;;;;;;;;;;;;
Royaume-Uni;2021;2021;internationale;Taux d’imposition combinés sur le revenu des sociétés ;0.19;0.232;0.265;;pourcentage;;;;;;;;;;;;;;;
Slovénie;2021;2021;internationale;Taux d’imposition combinés sur le revenu des sociétés ;0.19;0.232;0.265;;pourcentage;;;;;;;;;;;;;;;
Suède;2021;2021;internationale;Taux d’imposition combinés sur le revenu des sociétés ;0.206;0.232;0.265;;pourcentage;;;;;;;;;;;;;;;
Suisse;2021;2021;internationale;Taux d’imposition combinés sur le revenu des sociétés ;0.197;0.232;0.265;;pourcentage;;;;;;;;;;;;;;;
Turquie;2021;2021;internationale;Taux d’imposition combinés sur le revenu des sociétés ;0.25;0.232;0.265;;pourcentage;;;;;;;;;;;;;;;
Allemagne;2020;2020;internationale;Taux effectif marginal d’imposition de l’investissement ;0.261;0.177;0.115;0.16;pourcentage;;;;;;;;;;;;;;;
Australie;2020;2020;internationale;Taux effectif marginal d’imposition de l’investissement ;0.281;0.177;0.115;0.16;pourcentage;;;;;;;;;;;;;;;
Autriche;2020;2020;internationale;Taux effectif marginal d’imposition de l’investissement ;0.206;0.177;0.115;0.16;pourcentage;;;;;;;;;;;;;;;
Belgique;2020;2020;internationale;Taux effectif marginal d’imposition de l’investissement ;0.233;0.177;0.115;0.16;pourcentage;;;;;;;;;;;;;;;
Canada ;2020;2020;internationale;Taux effectif marginal d’imposition de l’investissement ;0.156;0.177;0.115;0.16;pourcentage;;;;;;;;;;;;;;;
Chili;2020;2020;internationale;Taux effectif marginal d’imposition de l’investissement ;0.096;0.177;0.115;0.16;pourcentage;;;;;;;;;;;;;;;
Corée;2020;2020;internationale;Taux effectif marginal d’imposition de l’investissement ;0.293;0.177;0.115;0.16;pourcentage;;;;;;;;;;;;;;;
Costa Rica;2020;2020;internationale;Taux effectif marginal d’imposition de l’investissement ;0.231;0.177;0.115;0.16;pourcentage;;;;;;;;;;;;;;;
Danemark;2020;2020;internationale;Taux effectif marginal d’imposition de l’investissement ;0.138;0.177;0.115;0.16;pourcentage;;;;;;;;;;;;;;;
Espagne;2020;2020;internationale;Taux effectif marginal d’imposition de l’investissement ;0.19;0.177;0.115;0.16;pourcentage;;;;;;;;;;;;;;;
Estonie;2020;2020;internationale;Taux effectif marginal d’imposition de l’investissement ;0.071;0.177;0.115;0.16;pourcentage;;;;;;;;;;;;;;;
États-Unis;2020;2020;internationale;Taux effectif marginal d’imposition de l’investissement ;0.226;0.177;0.115;0.16;pourcentage;;;;;;;;;;;;;;;
Finlande;2020;2020;internationale;Taux effectif marginal d’imposition de l’investissement ;0.144;0.177;0.115;0.16;pourcentage;;;;;;;;;;;;;;;
France;2020;2020;internationale;Taux effectif marginal d’imposition de l’investissement ;0.28;0.177;0.115;0.16;pourcentage;;;;;;;;;;;;;;;
Grèce;2020;2020;internationale;Taux effectif marginal d’imposition de l’investissement ;0.097;0.177;0.115;0.16;pourcentage;;;;;;;;;;;;;;;
Hongrie;2020;2020;internationale;Taux effectif marginal d’imposition de l’investissement ;0.107;0.177;0.115;0.16;pourcentage;;;;;;;;;;;;;;;
Irlande;2020;2020;internationale;Taux effectif marginal d’imposition de l’investissement ;0.177;0.177;0.115;0.16;pourcentage;;;;;;;;;;;;;;;
Islande;2020;2020;internationale;Taux effectif marginal d’imposition de l’investissement ;0.151;0.177;0.115;0.16;pourcentage;;;;;;;;;;;;;;;
Israël;2020;2020;internationale;Taux effectif marginal d’imposition de l’investissement ;0.195;0.177;0.115;0.16;pourcentage;;;;;;;;;;;;;;;
Italie;2020;2020;internationale;Taux effectif marginal d’imposition de l’investissement ;0.197;0.177;0.115;0.16;pourcentage;;;;;;;;;;;;;;;
Japon;2020;2020;internationale;Taux effectif marginal d’imposition de l’investissement ;0.388;0.177;0.115;0.16;pourcentage;;;;;;;;;;;;;;;
Lettonie;2020;2020;internationale;Taux effectif marginal d’imposition de l’investissement ;0.105;0.177;0.115;0.16;pourcentage;;;;;;;;;;;;;;;
Luxembourg;2020;2020;internationale;Taux effectif marginal d’imposition de l’investissement ;0.156;0.177;0.115;0.16;pourcentage;;;;;;;;;;;;;;;
Mexique;2020;2020;internationale;Taux effectif marginal d’imposition de l’investissement ;0.193;0.177;0.115;0.16;pourcentage;;;;;;;;;;;;;;;
Colombie;2020;2020;internationale;Taux effectif marginal d’imposition de l’investissement ;0.211;0.177;0.115;0.16;pourcentage;;;;;;;;;;;;;;;
Norvège;2020;2020;internationale;Taux effectif marginal d’imposition de l’investissement ;0.2;0.177;0.115;0.16;pourcentage;;;;;;;;;;;;;;;
Nouvelle-Zélande;2020;2020;internationale;Taux effectif marginal d’imposition de l’investissement ;0.198;0.177;0.115;0.16;pourcentage;;;;;;;;;;;;;;;
Pays-Bas;2020;2020;internationale;Taux effectif marginal d’imposition de l’investissement ;0.192;0.177;0.115;0.16;pourcentage;;;;;;;;;;;;;;;
Pologne;2020;2020;internationale;Taux effectif marginal d’imposition de l’investissement ;0.115;0.177;0.115;0.16;pourcentage;;;;;;;;;;;;;;;
Portugal;2020;2020;internationale;Taux effectif marginal d’imposition de l’investissement ;0.221;0.177;0.115;0.16;pourcentage;;;;;;;;;;;;;;;
Québec;2020;2020;internationale;Taux effectif marginal d’imposition de l’investissement ;0.115;0.177;0.115;0.16;pourcentage;;;;;;;;;;;;;;;
République slovaque;2020;2020;internationale;Taux effectif marginal d’imposition de l’investissement ;0.127;0.177;0.115;0.16;pourcentage;;;;;;;;;;;;;;;
République tchèque;2020;2020;internationale;Taux effectif marginal d’imposition de l’investissement ;0.154;0.177;0.115;0.16;pourcentage;;;;;;;;;;;;;;;
Royaume-Uni;2020;2020;internationale;Taux effectif marginal d’imposition de l’investissement ;0.212;0.177;0.115;0.16;pourcentage;;;;;;;;;;;;;;;
Slovénie;2020;2020;internationale;Taux effectif marginal d’imposition de l’investissement ;0.074;0.177;0.115;0.16;pourcentage;;;;;;;;;;;;;;;
Suède;2020;2020;internationale;Taux effectif marginal d’imposition de l’investissement ;0.174;0.177;0.115;0.16;pourcentage;;;;;;;;;;;;;;;
Suisse;2020;2020;internationale;Taux effectif marginal d’imposition de l’investissement ;0.083;0.177;0.115;0.16;pourcentage;;;;;;;;;;;;;;;
Turquie;2020;2020;internationale;Taux effectif marginal d’imposition de l’investissement ;0.031;0.177;0.115;0.16;pourcentage;;;;;;;;;;;;;;;
Saskatchewan;2020;2020;interprovinciale;Taux effectif marginal d’imposition de l’investissement ;0.206;;;0.16;pourcentage;;;;;;;;;;;;;;;
Alberta;2020;2020;interprovinciale;Taux effectif marginal d’imposition de l’investissement ;0.121;;;0.16;pourcentage;;;;;;;;;;;;;;;
Colombie-Britannique;2020;2020;interprovinciale;Taux effectif marginal d’imposition de l’investissement ;0.256;;;0.16;pourcentage;;;;;;;;;;;;;;;
Manitoba;2020;2020;interprovinciale;Taux effectif marginal d’imposition de l’investissement ;0.21;;;0.16;pourcentage;;;;;;;;;;;;;;;
Terre-Neuve-et-Labrador;2020;2020;interprovinciale;Taux effectif marginal d’imposition de l’investissement ;0.08;;;0.16;pourcentage;;;;;;;;;;;;;;;
Île-du-Prince-Édouard;2020;2020;interprovinciale;Taux effectif marginal d’imposition de l’investissement ;0.113;;;0.16;pourcentage;;;;;;;;;;;;;;;
Nouveau-Brunswick;2020;2020;interprovinciale;Taux effectif marginal d’imposition de l’investissement ;0.107;;;0.16;pourcentage;;;;;;;;;;;;;;;
Québec;2020;2020;interprovinciale;Taux effectif marginal d’imposition de l’investissement ;0.115;;;0.16;pourcentage;;;;;;;;;;;;;;;
Ontario;2020;2020;interprovinciale;Taux effectif marginal d’imposition de l’investissement ;0.151;;;0.16;pourcentage;;;;;;;;;;;;;;;
Nouvelle-Écosse;2020;2020;interprovinciale;Taux effectif marginal d’imposition de l’investissement ;0.123;;;0.16;pourcentage;;;;;;;;;;;;;;;
Estonie;2021;2021;internationale;Taux d’imposition sur le revenu distribué en dividendes;0.2;0.416;0.56;;pourcentage;;;;;;;;;;;;;;;
Lettonie;2021;2021;internationale;Taux d’imposition sur le revenu distribué en dividendes;0.2;0.416;0.56;;pourcentage;;;;;;;;;;;;;;;
Hongrie;2021;2021;internationale;Taux d’imposition sur le revenu distribué en dividendes;0.227;0.416;0.56;;pourcentage;;;;;;;;;;;;;;;
République slovaque;2021;2021;internationale;Taux d’imposition sur le revenu distribué en dividendes;0.265;0.416;0.56;;pourcentage;;;;;;;;;;;;;;;
Lituanie;2021;2021;internationale;Taux d’imposition sur le revenu distribué en dividendes;0.277;0.416;0.56;;pourcentage;;;;;;;;;;;;;;;
République tchèque;2021;2021;internationale;Taux d’imposition sur le revenu distribué en dividendes;0.312;0.416;0.56;;pourcentage;;;;;;;;;;;;;;;
Nouvelle-Zélande;2021;2021;internationale;Taux d’imposition sur le revenu distribué en dividendes;0.39;0.416;0.56;;pourcentage;;;;;;;;;;;;;;;
Pologne;2021;2021;internationale;Taux d’imposition sur le revenu distribué en dividendes;0.344;0.416;0.56;;pourcentage;;;;;;;;;;;;;;;
Chili;2021;2021;internationale;Taux d’imposition sur le revenu distribué en dividendes;0.4;0.416;0.56;;pourcentage;;;;;;;;;;;;;;;
Turquie;2021;2021;internationale;Taux d’imposition sur le revenu distribué en dividendes;0.36;0.416;0.56;;pourcentage;;;;;;;;;;;;;;;
Islande;2021;2021;internationale;Taux d’imposition sur le revenu distribué en dividendes;0.376;0.416;0.56;;pourcentage;;;;;;;;;;;;;;;
Suisse;2021;2021;internationale;Taux d’imposition sur le revenu distribué en dividendes;0.376;0.416;0.56;;pourcentage;;;;;;;;;;;;;;;
Slovénie;2021;2021;internationale;Taux d’imposition sur le revenu distribué en dividendes;0.413;0.416;0.56;;pourcentage;;;;;;;;;;;;;;;
Grèce;2021;2021;internationale;Taux d’imposition sur le revenu distribué en dividendes;0.278;0.416;0.56;;pourcentage;;;;;;;;;;;;;;;
Luxembourg;2021;2021;internationale;Taux d’imposition sur le revenu distribué en dividendes;0.407;0.416;0.56;;pourcentage;;;;;;;;;;;;;;;
Mexique;2021;2021;internationale;Taux d’imposition sur le revenu distribué en dividendes;0.42;0.416;0.56;;pourcentage;;;;;;;;;;;;;;;
Espagne;2021;2021;internationale;Taux d’imposition sur le revenu distribué en dividendes;0.445;0.416;0.56;;pourcentage;;;;;;;;;;;;;;;
Finlande;2021;2021;internationale;Taux d’imposition sur le revenu distribué en dividendes;0.431;0.416;0.56;;pourcentage;;;;;;;;;;;;;;;
Italie;2021;2021;internationale;Taux d’imposition sur le revenu distribué en dividendes;0.438;0.416;0.56;;pourcentage;;;;;;;;;;;;;;;
Pays-Bas;2021;2021;internationale;Taux d’imposition sur le revenu distribué en dividendes;0.466;0.416;0.56;;pourcentage;;;;;;;;;;;;;;;
Japon;2021;2021;internationale;Taux d’imposition sur le revenu distribué en dividendes;0.44;0.416;0.56;;pourcentage;;;;;;;;;;;;;;;
Suède;2021;2021;internationale;Taux d’imposition sur le revenu distribué en dividendes;0.444;0.416;0.56;;pourcentage;;;;;;;;;;;;;;;
Autriche;2021;2021;internationale;Taux d’imposition sur le revenu distribué en dividendes;0.456;0.416;0.56;;pourcentage;;;;;;;;;;;;;;;
Norvège;2021;2021;internationale;Taux d’imposition sur le revenu distribué en dividendes;0.467;0.416;0.56;;pourcentage;;;;;;;;;;;;;;;
Australie;2021;2021;internationale;Taux d’imposition sur le revenu distribué en dividendes;0.47;0.416;0.56;;pourcentage;;;;;;;;;;;;;;;
États-Unis;2021;2021;internationale;Taux d’imposition sur le revenu distribué en dividendes;0.472;0.416;0.56;;pourcentage;;;;;;;;;;;;;;;
Allemagne;2021;2021;internationale;Taux d’imposition sur le revenu distribué en dividendes;0.484;0.416;0.56;;pourcentage;;;;;;;;;;;;;;;
Israël;2021;2021;internationale;Taux d’imposition sur le revenu distribué en dividendes;0.484;0.416;0.56;;pourcentage;;;;;;;;;;;;;;;
Royaume-Uni;2021;2021;internationale;Taux d’imposition sur le revenu distribué en dividendes;0.499;0.416;0.56;;pourcentage;;;;;;;;;;;;;;;
Belgique;2021;2021;internationale;Taux d’imposition sur le revenu distribué en dividendes;0.475;0.416;0.56;;pourcentage;;;;;;;;;;;;;;;
Portugal;2021;2021;internationale;Taux d’imposition sur le revenu distribué en dividendes;0.507;0.416;0.56;;pourcentage;;;;;;;;;;;;;;;
Danemark;2021;2021;internationale;Taux d’imposition sur le revenu distribué en dividendes;0.548;0.416;0.56;;pourcentage;;;;;;;;;;;;;;;
Canada (Ontario);2021;2021;internationale;Taux d’imposition sur le revenu distribué en dividendes;0.552;0.416;0.56;;pourcentage;;;;;;;;;;;;;;;
Québec;2021;2021;internationale;Taux d’imposition sur le revenu distribué en dividendes;0.56;0.416;0.56;;pourcentage;;;;;;;;;;;;;;;
Corée;2021;2021;internationale;Taux d’imposition sur le revenu distribué en dividendes;0.594;0.416;0.56;;pourcentage;;;;;;;;;;;;;;;
France;2021;2021;internationale;Taux d’imposition sur le revenu distribué en dividendes;0.527;0.416;0.56;;pourcentage;;;;;;;;;;;;;;;
Irlande;2021;2021;internationale;Taux d’imposition sur le revenu distribué en dividendes;0.571;0.416;0.56;;pourcentage;;;;;;;;;;;;;;;
Japon;2021;2021;internationale;Taux de la taxe sur la valeur ajoutée;0.1;0.194;0.15;;pourcentage;;;;;;;;;;;;;;;
Suisse;2021;2021;internationale;Taux de la taxe sur la valeur ajoutée;0.08;0.194;0.15;;pourcentage;;;;;;;;;;;;;;;
Australie;2021;2021;internationale;Taux de la taxe sur la valeur ajoutée;0.1;0.194;0.15;;pourcentage;;;;;;;;;;;;;;;
Corée;2021;2021;internationale;Taux de la taxe sur la valeur ajoutée;0.1;0.194;0.15;;pourcentage;;;;;;;;;;;;;;;
Canada ;2021;2021;internationale;Taux de la taxe sur la valeur ajoutée;0.13;0.194;0.15;;pourcentage;;;;;;;;;;;;;;;
Costa Rica;2021;2021;internationale;Taux de la taxe sur la valeur ajoutée;0.13;0.194;0.15;;pourcentage;;;;;;;;;;;;;;;
Nouvelle-Zélande;2021;2021;internationale;Taux de la taxe sur la valeur ajoutée;0.15;0.194;0.15;;pourcentage;;;;;;;;;;;;;;;
Québec;2021;2021;internationale;Taux de la taxe sur la valeur ajoutée;0.15;0.194;0.15;;pourcentage;;;;;;;;;;;;;;;
Mexique;2021;2021;internationale;Taux de la taxe sur la valeur ajoutée;0.16;0.194;0.15;;pourcentage;;;;;;;;;;;;;;;
Israël;2021;2021;internationale;Taux de la taxe sur la valeur ajoutée;0.17;0.194;0.15;;pourcentage;;;;;;;;;;;;;;;
Luxembourg;2021;2021;internationale;Taux de la taxe sur la valeur ajoutée;0.17;0.194;0.15;;pourcentage;;;;;;;;;;;;;;;
Turquie;2021;2021;internationale;Taux de la taxe sur la valeur ajoutée;0.18;0.194;0.15;;pourcentage;;;;;;;;;;;;;;;
Allemagne;2021;2021;internationale;Taux de la taxe sur la valeur ajoutée;0.19;0.194;0.15;;pourcentage;;;;;;;;;;;;;;;
Colombie;2021;2021;internationale;Taux de la taxe sur la valeur ajoutée;0.19;0.194;0.15;;pourcentage;;;;;;;;;;;;;;;
Chili;2021;2021;internationale;Taux de la taxe sur la valeur ajoutée;0.19;0.194;0.15;;pourcentage;;;;;;;;;;;;;;;
Autriche;2021;2021;internationale;Taux de la taxe sur la valeur ajoutée;0.2;0.194;0.15;;pourcentage;;;;;;;;;;;;;;;
Estonie;2021;2021;internationale;Taux de la taxe sur la valeur ajoutée;0.2;0.194;0.15;;pourcentage;;;;;;;;;;;;;;;
France;2021;2021;internationale;Taux de la taxe sur la valeur ajoutée;0.2;0.194;0.15;;pourcentage;;;;;;;;;;;;;;;
République slovaque;2021;2021;internationale;Taux de la taxe sur la valeur ajoutée;0.2;0.194;0.15;;pourcentage;;;;;;;;;;;;;;;
Royaume-Uni;2021;2021;internationale;Taux de la taxe sur la valeur ajoutée;0.2;0.194;0.15;;pourcentage;;;;;;;;;;;;;;;
Espagne;2021;2021;internationale;Taux de la taxe sur la valeur ajoutée;0.21;0.194;0.15;;pourcentage;;;;;;;;;;;;;;;
Lettonie;2021;2021;internationale;Taux de la taxe sur la valeur ajoutée;0.21;0.194;0.15;;pourcentage;;;;;;;;;;;;;;;
République tchèque;2021;2021;internationale;Taux de la taxe sur la valeur ajoutée;0.21;0.194;0.15;;pourcentage;;;;;;;;;;;;;;;
Pays-Bas;2021;2021;internationale;Taux de la taxe sur la valeur ajoutée;0.21;0.194;0.15;;pourcentage;;;;;;;;;;;;;;;
Belgique;2021;2021;internationale;Taux de la taxe sur la valeur ajoutée;0.21;0.194;0.15;;pourcentage;;;;;;;;;;;;;;;
Italie;2021;2021;internationale;Taux de la taxe sur la valeur ajoutée;0.22;0.194;0.15;;pourcentage;;;;;;;;;;;;;;;
Slovénie;2021;2021;internationale;Taux de la taxe sur la valeur ajoutée;0.22;0.194;0.15;;pourcentage;;;;;;;;;;;;;;;
Irlande;2021;2021;internationale;Taux de la taxe sur la valeur ajoutée;0.23;0.194;0.15;;pourcentage;;;;;;;;;;;;;;;
Pologne;2021;2021;internationale;Taux de la taxe sur la valeur ajoutée;0.23;0.194;0.15;;pourcentage;;;;;;;;;;;;;;;
Portugal;2021;2021;internationale;Taux de la taxe sur la valeur ajoutée;0.23;0.194;0.15;;pourcentage;;;;;;;;;;;;;;;
Grèce;2021;2021;internationale;Taux de la taxe sur la valeur ajoutée;0.24;0.194;0.15;;pourcentage;;;;;;;;;;;;;;;
Islande;2021;2021;internationale;Taux de la taxe sur la valeur ajoutée;0.24;0.194;0.15;;pourcentage;;;;;;;;;;;;;;;
Finlande;2021;2021;internationale;Taux de la taxe sur la valeur ajoutée;0.24;0.194;0.15;;pourcentage;;;;;;;;;;;;;;;
Danemark;2021;2021;internationale;Taux de la taxe sur la valeur ajoutée;0.25;0.194;0.15;;pourcentage;;;;;;;;;;;;;;;
Norvège;2021;2021;internationale;Taux de la taxe sur la valeur ajoutée;0.25;0.194;0.15;;pourcentage;;;;;;;;;;;;;;;
Suède;2021;2021;internationale;Taux de la taxe sur la valeur ajoutée;0.25;0.194;0.15;;pourcentage;;;;;;;;;;;;;;;
Hongrie;2021;2021;internationale;Taux de la taxe sur la valeur ajoutée;0.27;0.194;0.15;;pourcentage;;;;;;;;;;;;;;;
Saskatchewan;2020;2020;interprovinciale;Taux maximal du barème d'imposition des revenus des particuliers;0.475;;;0.51;pourcentage;Moyenne Canada :;;;;;;;;;;;;;;
Alberta;2020;2020;interprovinciale;Taux maximal du barème d'imposition des revenus des particuliers;0.48;;;0.51;pourcentage;Moyenne Canada :;;;;;;;;;;;;;;
Colombie-Britannique;2020;2020;interprovinciale;Taux maximal du barème d'imposition des revenus des particuliers;0.498;;;0.51;pourcentage;Moyenne Canada :;;;;;;;;;;;;;;
Manitoba;2020;2020;interprovinciale;Taux maximal du barème d'imposition des revenus des particuliers;0.504;;;0.51;pourcentage;Moyenne Canada :;;;;;;;;;;;;;;
Terre-Neuve-et-Labrador;2020;2020;interprovinciale;Taux maximal du barème d'imposition des revenus des particuliers;0.513;;0;0.51;pourcentage;Moyenne Canada :;;;;;;;;;;;;;;
Île-du-Prince-Édouard;2020;2020;interprovinciale;Taux maximal du barème d'imposition des revenus des particuliers;0.5137;;;0.51;pourcentage;Moyenne Canada :;;;;;;;;;;;;;;
Nouveau-Brunswick;2020;2020;interprovinciale;Taux maximal du barème d'imposition des revenus des particuliers;0.533;;;0.51;pourcentage;Moyenne Canada :;;;;;;;;;;;;;;
Québec;2020;2020;interprovinciale;Taux maximal du barème d'imposition des revenus des particuliers;0.5331;;;0.51;pourcentage;Moyenne Canada :;;;;;;;;;;;;;;
Ontario;2020;2020;interprovinciale;Taux maximal du barème d'imposition des revenus des particuliers;0.5353;;;0.51;pourcentage;Moyenne Canada :;;;;;;;;;;;;;;
Nouvelle-Écosse;2020;2020;interprovinciale;Taux maximal du barème d'imposition des revenus des particuliers;0.54;;;0.51;pourcentage;Moyenne Canada :;;;;;;;;;;;;;;
Terre-Neuve et Labrador;2020;2020;interprovinciale;Taux combiné TVH/TVQ/TVP et TPS;0.15;;;;pourcentage;;;;;;;;;;;;;;;
Île-du-Prince-Édouard;2020;2020;interprovinciale;Taux combiné TVH/TVQ/TVP et TPS;0.15;;;;pourcentage;;;;;;;;;;;;;;;
Nouvelle-Écosse;2020;2020;interprovinciale;Taux combiné TVH/TVQ/TVP et TPS;0.15;;;;pourcentage;;;;;;;;;;;;;;;
Nouveau-Brunswick;2020;2020;interprovinciale;Taux combiné TVH/TVQ/TVP et TPS;0.15;;;;pourcentage;;;;;;;;;;;;;;;
Québec;2020;2020;interprovinciale;Taux combiné TVH/TVQ/TVP et TPS;0.15;;;;pourcentage;;;;;;;;;;;;;;;
Ontario;2020;2020;interprovinciale;Taux combiné TVH/TVQ/TVP et TPS;0.13;;;;pourcentage;;;;;;;;;;;;;;;
Manitoba;2020;2020;interprovinciale;Taux combiné TVH/TVQ/TVP et TPS;0.12;;;;pourcentage;;;;;;;;;;;;;;;
Colombie-Britannique;2020;2020;interprovinciale;Taux combiné TVH/TVQ/TVP et TPS;0.12;;;;pourcentage;;;;;;;;;;;;;;;
Saskatchewan;2020;2020;interprovinciale;Taux combiné TVH/TVQ/TVP et TPS;0.11;;;;pourcentage;;;;;;;;;;;;;;;
Alberta;2020;2020;interprovinciale;Taux combiné TVH/TVQ/TVP et TPS;0.05;;;;pourcentage;;;;;;;;;;;;;;;
Terre-Neuve et Labrador;2020;2020;interprovinciale;Taux d’imposition combinés sur le revenu des sociétés ;0.30;;;;;;;;;;;;;;;;;;;
Île-du-Prince-Édouard;2020;2020;interprovinciale;Taux d’imposition combinés sur le revenu des sociétés ;0.31;;;;;;;;;;;;;;;;;;;
Nouvelle-Écosse;2020;2020;interprovinciale;Taux d’imposition combinés sur le revenu des sociétés ;0.31;;;;;;;;;;;;;;;;;;;
Nouveau-Brunswick;2020;2020;interprovinciale;Taux d’imposition combinés sur le revenu des sociétés ;0.29;;;;;;;;;;;;;;;;;;;
Québec;2020;2020;interprovinciale;Taux d’imposition combinés sur le revenu des sociétés ;0.265;;;;;;;;;;;;;;;;;;;
Ontario;2020;2020;interprovinciale;Taux d’imposition combinés sur le revenu des sociétés ;0.265;;;;;;;;;;;;;;;;;;;
Manitoba;2020;2020;interprovinciale;Taux d’imposition combinés sur le revenu des sociétés ;0.27;;;;;;;;;;;;;;;;;;;
Colombie-Britannique;2020;2020;interprovinciale;Taux d’imposition combinés sur le revenu des sociétés ;0.27;;;;;;;;;;;;;;;;;;;
Saskatchewan;2020;2020;interprovinciale;Taux d’imposition combinés sur le revenu des sociétés ;0.27;;;;;;;;;;;;;;;;;;;
Alberta;2020;2020;interprovinciale;Taux d’imposition combinés sur le revenu des sociétés ;0.25;;;;;;;;;;;;;;;;;;;
